0;경제와 관련되어 있는 요소입니다.
1;은행 요소는 [Bank Accounts]를 만들고, 관리하는 곳에 포함되어 있습니다. 주민들은 자신만의 계좌를 만들거나 다른 이들과 서로 공유 할 수 있습니다. 계좌는 [Titles]와 [Demographics]에도 지정 할 수 있습니다.
2;은행 이용자는 계좌를 통해 거래(화폐를 입금 또는 송금)를 할 수 있습니다.
계좌 관리자는 이용자의 목록과 관리자의 목록을 관리하며, 계좌의 이름을 바꾸거나, 거래를 주관할 수 있습니다.

이후 설정을 통하여, 정부의 회계장부를 개설할 수 있습니다. 해당 계좌는 세금을 걷거나 사용하는 데 쓰이며, 세금 징수에서 제외되고, 개개인의 재산 조회의 대상이 되지 않습니다. 해당 계좌를 개설하려면, [Elected Title|Elected Titles]를 가진, 정부의 은행 업무 권한이 있는 플레이어여야만 합니다.
3;은행 요소는 은행 계좌를 생성하고 관리하는 것에 포함되어 있습니다
4;계약 게시판 요소는 주민들이 [Contracts]과 [Work Parties]를 구할 수 있게 해 주고, 필요한 노동력의 확보와 주민들 간의 합의를 할 수 있게 도와주는 것을 도와줍니다.
5;계약 시작하기
6;계약을 게시할 때, 최소 한가지의 조항은 필수로 들어가야만 하는데, 각각의 조항으로 어떤 작업을 필요로 하는지 구상할 수 있습니다. 이후 계약이 마무리되었다고 판단하기 전, 각 조항의 항목은 조건에 만족하는 상태가 되어야 합니다.

'자동 완료' 기능에 체크가 되어있다면, 시스템이 계약의 완료 여부를 자동으로 판단합니다. 예를 들어, 계약의 내용이 두 지점을 도로로 연결하는 것이고, 계약자가 화면의 오른쪽 계약 아이콘을 통해 계약 창을 열어 '계약 완료함' 버튼을 누르게 된다면, 해당 작업의 완성 여부를 자동으로 판단하게 되는 겁니다. 조건에 부합하여 완료했다면, 계약금은 미리 설정해둔 계약에 따라 계약자에게 지급이 되고 해당 계약은 자동으로 종료됩니다.

'직접 작성'기능은 플레이어 자신이 직접 필요한 작업을 작성하는 특별한 조항입니다. 만약 계약에 해당 조항이 들어가 있다면, 의뢰자가 직접 계약을 승인해야 하는데(자동 완료 기능을 사용할 수 없게 됩니다), 이는 해당 조항이 제대로 이행되었는지 자동으로 판단할 수 없기 때문입니다.

자동으로 판단하는 기능이 해제되어 있을 때, 계약자가 계약을 이행했다 판단하고 '계약 완료함' 버튼을 누른다면, 계약의 완성도에 따라 의뢰자가 계약을 완료하거나 반려할 수 있습니다. '자동 완료' 기능을 사용하지 않은 계약은 주민들 간의 신뢰가 매우 중요하게 작용하는데, 그 이유는 바로 의뢰자가 작업의 완성도를 정직하게 판단할 거라는 확신이 없기 때문입니다. 그런 상황들 때문에 주민들은 서로의 [Reputation]을(를) 확인의 척도로 사용하는 것을 추천합니다.

계약을 게시할 때 기한을 설정할 수 있는데, 계약자는 그 기간 안에 완료해야만 합니다. 추가로, 계약에서 반복 횟수를 설정할 수 있는 기능이 있는데, 이를 활성화하면, 계약이 완료될 때마다 반복 횟수가 하나씩 줄어들며 다시 재계약을 할 수 있게 됩니다.

계약이 진행 중 해당 계약에 걸려있는 대금의 경우 특별한 보관 [Bank Account|Bank Accounts]를 통해 보관됩니다. 계약이 완벽히 완료된다면, 그 대금은 계약자에게로 지급되고, 실패할 경우 의뢰자에게로 다시 반환됩니다. 계약자가 낸 보증금 또한, 보관하여 계약이 성공할 시 다시 계약자에게로, 실패할 경우 의뢰자에게 지급됩니다.
7;동업자
8;[Work Parties] 또한 계약 게시판에서 게시 할 수 있는데, 당사자 둘만의 계약이 아닌, 여러 주민과 같이 협업하여 완료 할 수 있는 계약입니다. 동업 계약을 게시하기 전, 게시하는 사람의 소유인 작업대에서 미리 작업을 주문해두어야만 합니다.

동업 계약이 게시되면, 노동자는 계약 게시판에서 해당 작업에 참여할 수 있습니다. 동업 계약에 들어온 모두가 처음엔 노동자 역할을 배정받지만, 각각의 역할에 알맞은 조건과 해당 작업에 참여하는 주민들의 조건을 직접 설정 할 수 있습니다. '가득 차면 자동으로 역할 칸을 추가'를 체크 표시 하면, 역할 칸이 모두 차고 난 후 새로운 노동자가 참여시 자동으로 역할 칸을 추가합니다.

작업에 필요한 역할을 설정할 때, 동업 계약의 계약서에서 노동력이 필요한지, 재료를 수급해야 할지, 두 가지 다 필요한지 설정 할 수 있습니다. 작업에 참여하는 주민 누구나 기여한 정도에 따라서 보상을 나누어 받게 됩니다. 특정 직업의 가치를 높게 설정하게 된다면, 해당 직업은 보상의 비율이 높게 책정됩니다.
9;동업 계약에는 다양한 방법의 보상 지급 방법이 있는데, 다양한 방법 중 보상을 지급할 방식을 게시자가 직접 고를 수 있습니다.

- [Currency]를 보상으로 받게 될 경우, 계약이 끝날 때 본인이 기여한 만큼의 대금을 일시불로 지급받는 '화폐로 지급' 옵션이 있습니다.

- [Reputation]을 보상으로 받게 될 경우, 계약이 끝난 후 작업을 도와준 모든 주민에게 나누어 지급됩니다.

- [Research]에 관련된 보상을 받게 될 경우, 제시한 만큼 작업에 기여를 한다면 계약이 끝난 후 즉시 기술이 해금됩니다. 연구에 관련된 보상은 동업 계약의 작업이 기술 책인 경우 또는, 동업 계약의 목표가 다른 이의 인벤토리 안 기술 책인 경우에만 가능합니다.

- [Title|Titles]를 부여받는 것이 보상일 경우, 해당 계약의 게시자가 부여하려는 직위의 관리자일 경우만 계약을 게시할 수 있습니다. 계약에 설정되어있는 최소한의 작업을 수행한다면 해당 직위가 부여됩니다. 직위의 '권한 유형'에는 동업자가 직위 관리자가 될지, 직위 사용자가 될지 정할 수 있습니다.
10;계약 게시판 요소가 포함된다면 주민들이 계약과 동업 계약을 게시하거나 수락할 수 있습니다
11;크레딧 요소는 주민들이 소유한 다양한 구조물에서 거래하거나 거래에 필요한 화폐와 은행계좌를 설정하는 곳에 포함되어 있습니다.
12;주민들이 [Bank Accounts]를 설정할 때, 접근 권한을 가진 계좌라면 무엇이든 선택할 수 있습니다([Bank Component]가 포함된 곳에서 설정 가능합니다). 기본값으로, 주민 자신의 개인 계좌가 선택되어 있습니다.

세계에 존재하는 모든 [Currencies|Currency]는 크레딧 요소에서 설정할 수 있습니다. 바로 이 크레딧을 이용하여 화폐를 사용하는 모든 구조물에서 거래를 수행할 수 있습니다(그 예시로 [Store|Store Component]에선 어떤 종류의 화폐가 되었든 설정할 수 있습니다).

만약 상점의 화폐를 '없음'으로 선택해 둔다면, 화폐를 이용하지 않고 물물 교환을 할 수 있습니다.

[Crafting Component]가 포함되어 있는 구조물은 소유 중인 주민이 사용료를 설정할 수 있습니다. 얼마만큼의 요금을 부과할 건지와 어떤 계좌로 그 요금이 입금되게 할 것인지 설정 화면에서 관리 할 수 있습니다.
13;크레딧 요소는 주민들이 은행 계좌를 개설하거나 화폐를 이용하는 모든 거래와 관련된 구조물에 포함됩니다.
14;증서 판매 요소는 주민들이 [Property]를 구매 또는 판매와 관련된 것에 포함됩니다.
15;주민들은 [Real Estate Desk|Real Estate Desk Item]에 이용하여, 자신이 가지고 있는 증서의 카탈로그를 생성하거나 다른 주민들의 카탈로그를 확인할 수 있습니다. 생성되어 있는 모든 증서의 카탈로그는 모든 부동산 가판대에서 확인하실 수 있습니다.

목록을 만들 때, 해당 사유지의 소유자는 가격과 사용될 [Currency]를 설정해야 합니다. 모든 수입은 설정되어 있는 [Bank Account|Bank Accounts]로 들어가게 됩니다.

증서를 구매할 때, 화폐는 구매자가 설정해두었던 은행 계좌에서 자동으로 인출됩니다.

소유지가 팔리고 난 이후, 해당 소유지 안에 있던 모든 물품까지 포함해 증서와 함께 새로운 소유자에게 양도됩니다.
16;증서 판매 요소는 주민들이 소유지를 구매 또는 혹은 판매와 관련된 것에 포함됩니다.
17;환전 요소는 주민이 특정 [Currency]를 다른 화폐로 교환하는 환전 행위와 관련된 것에 포함됩니다.
18;화폐 환전하기
19;[CurrencyExchangeItem]의 사용자는 환전 요소를 이용하여 다른 주민에게 환전을 제안할 수 있습니다. 환전을 하기 위해 준비하려면, 소유자의 화폐가 판매 상태가 되어야 합니다. 소유자의 설정한 단위가 결제될 때마다, 주민이 교환하려는 화폐가 자동으로 변환되어 교환됩니다.

[Authorized Consumer|Authorization Component]가 화폐 환전을 이용하려 한다면, 교환하고자 하는 모든 화폐의 목록을 확인 할 수 있습니다. 기본값으로, 모든 주민은 권한이 부여된 고객으로 설정됩니다.
20;환전 한도
21;환전소의 소유자는 잔액의 한도를 설정할 수 있습니다. 자신의 계좌 잔고가 해당 한도를 만족하지 못하는 주민은 환전이 불가합니다.

왼쪽에 있는 숫자는 필요한 최소 화폐 보유량을, 오른쪽에 있는 숫자는 필요한 최대 화폐 보유량을 나타냅니다. 만약 둘 중 하나의 값이 0으로 설정되어있다면, 잔액의 한도와 상관없이 환전을 할 수 있습니다
22;주민들이 환전소를 설치할 수 있게 됩니다.
23;물품 배급 요소는 호의의 행동으로서 새로운 주민들의 번영을 위해 노력하는 것으로, 새로운 주민들에게 무료로 물품을 나누어 주는 구조물과 관련된 것에 포함됩니다.
24;조건(플레이 한 시간에 따라 구분됨)에 부합하는 모든 주민들은 [DistributionStationItem]에 들러 물품을 배급 받을 수 있습니다. 세계에 처음 발을 들이게 되면, 새로 온 주민들이 아이템을 받을 수 있는 장소가 세계 지도에서 마커로 표기 됩니다. 새로 온 주민들이 물품을 가져갈 수 있도록 배급 될 물품들이 [Storage Component]와 관련된 구조물에 충분히 보관되어있는지 확인해 주어야 합니다.

배급소의 소유자는 어떠한 물건을 배급 할 것인지, 얼마나 배급할 것인지, 또 배급 할 주민의 조건(플레이 한 시간에 따라 구분됨)을 설정할 수 있습니다.
25;소유자가 호의의 행동으로서 새로운 주민들의 번영을 위해 노력하는 것으로, 새로운 주민들에게 무료로 물품을 나누어 줄 수 있게 됩니다.
26;조폐기 요소는 자원을 담보 물품으로 사용해 [Currencies|Currency]를 생산하는 구조물에 포함되어 있습니다.
27;[MintItem]에서 화폐를 생산하려면, 화폐의 가치를 보증할 담보 물품을 선택하고, 그 물품을 소모할 때 얼마만큼의 화폐를 생산할 것인지 정해야 합니다. 물품을 담보로 이용해 화폐를 생산 함으로써, 해당 물품의 소모량에 따라 화폐의 최대 생산량이 정해질 것이며, 그에 대한 결과로 새로 나온 이 화폐가 시장에서 과도하게 발행되는 것을 방지할 수 있습니다. 이렇게 담보 물품이 화폐의 생산에 영향을 주기에, 일반적으로 획득하기 어려운 물품으로 설정할수록, 화폐의 가치가 안정될 것입니다.

설정한 담보 물품과 물품당 화폐 생산량의 수는 변경이 불가하니, 화폐를 생산하고자 하면 신중히 설정해 주십시오. 화폐 생산이 시작되면, 설정해둔 정보가 조폐기에 입력된 상태가 되어, 다시 회수한다고 해도 생산정보가 초기화되지 않습니다.

[Authorization Component]를 통해 소비자 권리를 부여받은 주민은 조폐기를 이용하여 화폐를 추가로 생산할 수 있습니다. 조폐기의 소유자가 화폐를 생산할 경우엔, 소유자가 설정해둔 [Bank Account|Bank Accounts]에 입금이 되며, 시민이 생산해낸 경우 [Bank Component]를 이용해 은행 계좌에 입금할 수 있습니다.
28;주민이 담보 화폐를 만들어 내고 인쇄할 수 있게 됩니다.
29;상점 요소는 주민들이 다른 주민에게 물품을 사거나 파는 구조물에 포함되어 있습니다. 상점의 소유자가 접속 중이 아니더라도, 해당 구조물에서 거래가 가능합니다.
30;상점에서 거래를 할 때 [Credit Component]에 해당하는 화폐와 은행 계좌가 이용됩니다. 상점에서 화폐를 '없음'으로 설정해 둔다면, 따로 세금의 부과가 없이 물물 거래를 할 수 있습니다.

상점의 소유자는 [Storage Component]에 해당하는 구조물을 상점과 연결해 상점의 보관함으로 사용할 수 있습니다. 기본값으로, 처음 설치한 장소에서 가까운 모든 보관 구조물들과 연결이 됩니다.

판매 목록을 만들려면 가격만 설정하면 됩니다. 판매 물품의 재고의 경우는, 연결되어있는 보관 구조물에 의해 자동으로 관리가 됩니다.

구매 목록을 만들려면, 구매하려는 가격과 자신이 구매할 최대 개수를 결정해야 합니다. 최대 구매 개수가 0으로 설정되어있다면, 연결되어있는 보관 구조물이 꽉 찰 때까지 구매합니다. 최대 구매 개수가 특정 숫자로 설정되어있다면, 물품을 팔려는 주민은 해당하는 만큼만 물품을 팔 수 있습니다.

내구도가 존재하는 도구의 경우, 구매하려는 도구의 최소 내구도를 설정할 수 있으며, 설정해둔 내구도보다 높거나 같을 경우에만 상점에서 거래가 가능합니다.
32;Sets up an interface for other citizens to buy and sell goods from/to you automatically.
33;정부와 관련된 요소입니다.
34;참정권 요소는 주민들이 특정 구조물에 따라 사임 또는 [Elections]의 투표권과 [Executive Actions]를 행사할 수 있습니다.
35;투표권 행사하기
36;참정권 요소가 포함되어 있는 [Ballot Box|Ballot Box Item]을 이용하여, 주민은 [Elected Titles]를 가지기 위해 출마하거나 선거를 할 수 있습니다.

투표 버튼을 누르면, 플레이어들은 진행 중인 [Elections]들을 볼 수 있는 웹 페이지로 이동해, 다른 주민들과 이에 관해 의견을 나누거나, [Data]를 이용하여 자신의 주장을 뒷받침해 토론을 하거나, 투표를 할 수 있습니다.

진행 중인 [Election Process|Election Processes]에 거부권을 가지고 있는 주민은 선거에서 권한을 행사할 수 있습니다.

공직자 직위를 얻으려면, 우선 권한이 있는 주민이 선거를 제시 시작해야 합니다. 선거가 시작되면, 권한이 있는 주민들은 선거에 출마하여 연설하게 됩니다. 선거 후보는 투표함에 있는 기능으로 언제든지 선거 출마를 취소할 수 있습니다.
37;행정 업무 관리하기
38;참정권 요소가 포함된 [Executive Office|Executive Office Item]를 이용하여 공직자 직위를 가진 이가 특정 주민 집단에게 할당되는 일회성 행정 업무를 볼 수 있게 됩니다.

주민들에게 적용될 행정 업무의 결과는 특정 주민에게만 적용할 수도, 영향력에 따라 각각의 집단에게 여러 가지의 결과를 적용할 수 있습니다. 모든 주민을 대상으로 결과를 적용하고자 한다면, [Demographic]를 이용해 주민 집단을 '모두'로 설정해 주십시오.

각 주민 집단들은 행정 업무에서 결정이 나는 사항은 그 즉시 적용이 됩니다. 집단의 조건에 충족하는 주민들 역시 각자 조건에 맞는 결과가 적용됩니다.
39;정부 부서 업무
40;참정권 요소를 포함하고 있는 [Government Office|Government Office Item]에서는, 공직자 직위에서 사퇴하거나 다른 공직자 직위를 폐지할 수 있습니다.

부서 업무에서 사퇴하기 기능을 통해 선거에서 선출된 직위에서 사퇴할 수 있습니다. 만약 그 뒤를 이을 새로운 공직자 직위가 개설된다면, 해당 직위를 가지고 있던 주민 중 한 명이 무작위로 선정됩니다. 만일 해당 직위를 가지고 있는 주민이 아무도 없다면, 그 직위의 자리는 공석이 됩니다.

권한을 부여받은 주민들은 부서 업무를 통해 공직자 직위를 폐지할 수 있습니다. 직위가 폐지되어 공직자가 사퇴 당할 경우 후임자를 찾는 규칙은 일반적인 사퇴의 경우와 똑같이 적용됩니다.
41;주민들이 선거에 선거에서 자신의 권리를 행사하고 행정 업무를 보는 일을 할 수 있게 됩니다.
42;    주권 구조물 요소는 주민들이 법을 건의하고, 개정하고, 폐지하는 다양한 주권 구조물에 포함되어있습니다.
43;주민의 의무
44;주권 구조물 요소가 포함된 구조물에선, 지켜야 할 [Civic Duties]의 목록을 볼 수 있습니다. 이를 통해 주권 구조물에 의해 제정된 법률이 있는지 주민에게 알려줍니다. 주민이 지켜야 할 종류의 주권의 의무는 다음과 같습니다:
45;주권 구조물 요소는 주민들이 법을 건의하고, 개정하고, 폐지하는 다양한 주권 구조물에 포함되어있습니다.
46;직위개설 부서 요소는 선거를 통해 뽑는 게 아닌 [Titles]를 개설하고 관리하는 구조물에 포함됩니다. 이 직위들은 [Elected Titles]와 비슷한 목적으로 사용되지만, 직위등록 부서에서 등록할 수 있습니다.
47;직위 관리
48;직위 관리자는 직위의 이름을 변경하고 새로운 관리자를 임명할 수 있는 직위의 보유자입니다.
직위 관리자는 일반적인 직위 사용자와 구분되어 있습니다. 직위 사용자는 해당 직위를 보유하고 있는 주민으로, 직위를 유지하기 위해 조건을 지켜야 하며, 혜택을 받을 수 있습니다.
49;고급 설정
50;고급설정에서는, 직위를 가지고 있는 주민들의 직위 요구사항을 설정하거나, 직위를 가지고 있는 주민 중 시간당 봉급을 줄 주민을 선정할 수 있습니다.

직위를 가지고 있는 사람들이 지켜야 할 요구사항을 정할 때 다양한 조건을 설정할 수 있습니다. 해당 요구사항들을 지키는 데에 실패한 주민은, 직위 사용자에서 박탈당할 것입니다. '조건 모음'을 이용해,  직위를 가지고 있는 주민들이 지켜야 할 여러 가지 수칙들을 정할 수 있습니다.

직위 사용자들에게 줄 봉급은 직위 관리자가 [Bank Component]를 이용해 설정한 [Bank Account|Bank Accounts]에서 지출됩니다. 봉급은 매 시간마다(세계 설정마다 다름) 각 직위 사용자의 개인 계좌로 송금됩니다. 접속 중이 아닌 시간대에 봉급을 지급하지 않는 종류도 설정할 수 있습니다.
51;공직자-직위가 아닌 직위를 생성하고 관리할 수 있습니다.
52;국고 요소를 포함한 구조물은 '국고에서 세금을 설정할 수 있는 권리'를 부여받은 [Elected Titles]를 가진 주민이 세율을 조정하고 세계의 기본 화폐를 설정할 수 있게 됩니다.
53;세금
54;국고에서 [Taxes]에 관해 설정을 하고 나면, 관련된 모든 거래에 자동으로 적용이 됩니다. 이로 인해 거둬들인 이익은 국고의 [Bank Account|Bank Accounts]에 자동으로 이동하게 됩니다. 공직자 직위를 가진 이가 '정부의 재무 관리 권한'을 설정하여 국고 계좌([Credit Component]의 기능인 계좌를 선택을 이용)를 사용하여 거래를 할 수 있게 됩니다. 주민들을 위한 재정에 관한 [Laws]을 시행하여 국고에서 화폐를 꺼내올 수 있습니다.
55;세계 기본 화폐
56;세계 기본 화폐는 크레딧 요소를 포함하고 있는 새로운 구조물을 설치할 때 기본적으로 설정 되는 [Currency]입니다. 주민들은 [Trade]를 할 때 다른 화폐를 선택할 수 있지만, 화폐를 통일하여 사용하는 것이 튼튼한 경제 구조를 만들게 될 것입니다.
57;직접세
58;'국고에서 세금을 설정할 권리'를 가지고 있는 공직자는 주민들에게 직접 세금을 거두거나 자금을 지원할 수 있습니다. 이 기능을 이용해 사용하고자 하는 화폐와 어떤 주민에게 직접세를 적용할 것인지 선택할 수 있습니다. 공직자는 어째서 이렇게 적용했는지 모든 주민이 볼 수 있게 그 이유를 알려주어야 합니다.
국고 관리에선 국고 계좌에서 화폐를 삭제할 수 있는 권한이 있습니다. 이 기능을 사용하면 해당 화폐는 영구적으로 삭제되니, 담보 화폐의 경우 이 기능을 사용할 때 주의를 기울여야 합니다.
59; 주민이 세금을 관리하고 세계 기본 화폐를 설정할 수 있는 권한을 가진 공직자 직위를 가질 수 있게 됩니다.
60;하우징에 관련된 요소입니다.
61;권한 요소는 주민들이 구조물에 대해 특정한 권한을 가질 수 있게 합니다.
62;여기서 말하는 증서는 간단히 설명하면 [Property]의 증서로, 구조물에 권한에 대한 증서 입니다([Vehicle|Vehicle Component]).

권한이 있는 소비자의 경우 이 목록에 추가할 수 있습니다, 또는 [Titles]나 [Demographics]같은 특정 집단도 목록에 추가 가능합니다. 목록에 추가되면 일부 제한되어있는 권한이더라도 상호작용 할 수 있습니다. 상점을 예로 들자면, 소비를 할 수 있는 권한을 가진 주민이 상점에서 구매 및 판매 행위를 할 수 있지만, 전체 통제 권한을 가진 주민은 상점에 어떤 물건을 팔지 정할 수 있고, 상점 자체를 옮기는 것도 가능합니다.

설치 가능한 구조물은 모두 권한 요소를 포함하고 있습니다.
63;주민들이 주어진 구조물과 상호작용 할 권한을 설정할 수 있게 됩니다.
64;침대는 모든 주민이 동시에 사용 중(또는 접속하지 않았을 때)일 때 시간을 가속할 수 있게 됩니다.
(해당 기능은 기본적으로 단독서버 '관리자 없이도 구동되는 서버' 에서는 해제되어 있습니다, 하지만 서버 관리자가 해당 기능을 사용 설정할 수 있습니다.)
65;싱글 플레이어 서버 또는 잠자기 기능이 설정되어있는 서버에서 잠을 잘 수 있게 됩니다.
66;산업 기술과 관련된 요소입니다.
67;    제작 요소는 물품의 [Craft|Crafting]할 경우, 자원 또는 노동력을 사용할 경우, 또는 현재 진행 중인 작업을 취소할 때 사용됩니다. [Work Party|Work Parties]에 참여할 경우엔, 동업 계약에 참여한 주민들도 제작 요소를 이용할 수 있습니다.
68;물품 제작하기
69;제작할 물품의 종류와 개수를 결정을 하고 나면, 작업을 시작하기 위해선 자원과 노동력이 필요합니다. 이 자원들은 직접 추가하거나(작업대에 직접 추가하는 방법) 해당 자원이 보관되어있는 [Storage Component]에 연결하여 추가할 수 있습니다.

자신의 [Specialty|Specialties]와 관련 있는 주민의 경우 노동력을 추가할 때 더 적은 양의 칼로리를 소모합니다. 그중 특정 노동력이 필요한 작업의 경우엔 해당 특기를 가지고 있는 주민이 필요합니다. 칼로리 감소의 경우 작업 주문의 완료 이후 적용되니 다양한 기술을 가진 주민들이 하나의 동업계약에서 협업해야 합니다.

[Modules Component]의 업그레이드 부품을 추가하면, 작업대에서 작업 주문을 할 때 필요한 작업 시간과 자원의 소모량이 감소합니다.

작업이 완료되기 전 취소하면 (주문 아이콘을 오른쪽 클릭으로 취소할 수 있음), 소모된 자원은 회수할 수 있지만 소모된 노동력은 잃게 됩니다.
70;노동력 사용하기
71;노동력이 필요한 행동을 하면, [Calories|Nutrition]가 소모됩니다. 작업 주문이 시작되면, 주민들은 제작 요소에서 '작업' 버튼을 눌러 노동력을 충당할 수 있습니다.

일단 작업이 시작되면, 제작 요소 창에서 벗어난 상태에서 작업대를 오른쪽 클릭해 빠르게 노동력을 추가할 수 있습니다. 이 방법으로 노동력을 추가할 때, '컨트롤키'를 누른 상태로 추가하면 5배의 노동력을 한 번에 추가할 수 있습니다. '알트키'의 경우 자신이 소모할 수 있는 모든 칼로리를 소모해 노동력을 추가합니다.
72;물품 태그
73;몇몇 조합법의 물품 태그는 해당 태그에 해당하는 비슷한 종류의 물품을 재료로 사용할 수 있습니다. 예를 들어, 물품을 '바위' 로 특정한다면, '바위' 태그가 붙은 모든 물품을 재료로 사용할 수 있습니다 ([GraniteItem], [BasaltItem], 등등).

물품 태그가 같을 경우 자동으로 소모되니, 다른 재료를 선택해 다시 주문을 생성할 필요 없습니다.
74;상위 조합법
75;몇몇 조합법은 '상위 조합법'이라 불리는, 더 큰 조합법의 한 부분으로 포함되어 있습니다. 상위 조합법 중 하나를 제작하려면, 하위 조합법 중 하나를 골라 제작할 수 있습니다. 제작하는 하위 조합법의 개수는 상위 조합법의 개수에 카운트됩니다.

기본값으로, 조합법에서 사용할 수 있는 재료만 나타나게 설정되어 있습니다. '모두 보기'를 체크하면, 상위 조합법에 포함되는 모든 물품을 확인 할 수 있습니다.
76;제작 요소는 물품을 제작하고 작업에 노동력을 추가하는 데에 사용됩니다.
77; 모듈 요소는 주민들이 자신의 [Crafting]대에 업그레이드를 장착할 수 있게 됩니다. 업그레이드를 장착하면, 해당 작업대에서 주문한 작업은 제작 시간과 자원의 소모량이 감소됩니다.
78;업그레이드 부품 사용하기
79;업그레이드 부품은 다섯 가지의 단계가 있습니다. 1 단계의 업그레이드 부품은 자원 소모량과 제작 시간이 10% 감소합니다, 각 단계별로 각각 추가 감소합니다.

작업대의 진행 정도에 따라 다른 등급의 업그레이드 부품을 사용해야 합니다. 초기형 작업대에는 '기본 업그레이드' 부품을, 이후 제작하는 작업대에선 '고급 업그레이드' 부품이나 '현대식 업그레이드' 부품을 사용합니다. 각 업그레이드 부품은 총 5단계가 있고, 가장 높은 단계를 달성하면 특성 업그레이드가 가능합니다.

고정 재료를 사용하는 몇몇 조합법이 있습니다. 고정 재료는 재료 소모량 감소의 영향을 받지 않지만, 고정 재료가 포함된 조합법의 제작 시간 단축의 기능에는 영향을 주지 않습니다.
80;특성 업그레이드
81;가장 높은 단계의 업그레이드 부품은 해당하는 [Specialty|Specialties]를 가진 주민만 제작할 수 있습니다. 다른 업그레이드와는 달리, 이 단계의 업그레이드를 장착하면 특정 전문 기술이 필요한 제작을 할 때 자원의 소모량과 제작 시간이 추가로 감소합니다.

일부 특성과 관련된 작업대는 업그레이드 부품과 관련된 등급의 구분이 있습니다. 예를 들어, 전문 기술 [CarpentrySkill]에선 [CarpentryBasicUpgradeItem]을 사용하는 [CarpentryTableItem]가 있고 [CarpentryAdvancedUpgradeItem]을 사용하는 [SawmillItem]가 있습니다.
82;주민들이 자신의 작업대에 업그레이드 부품을 장착할 수 있게 됩니다.
83;파이프 요소를 이용해 시민이 구조물의 스모그 방출 정도나, 물 사용량, 하수의 흐름 상태를 알 수 있습니다.
84;스모그 배출
85;스모그 배출 툴팁을 확인하여, 현재 구조물들의 오염 배출 정도와 세계의 [Pollution] 정도에 대한 정보를 확인할 수 있습니다.

파이프를 이용하여 대기 오염의 흐름을 조정할 수 있습니다. 스모그 배출의 기능을 하는 파이프는 여러 개의 입구를 설정할 수 있지만, 출구는 모든 방(건물)의 바깥쪽이면서, 구조물의 위쪽에 위치해야 하며 하나만 설정할 수 있습니다.

대기오염을 유발하는 스모그를 만들어내는 구조물은 구조물이 작동 중일 때만 스모그가 발생합니다.
86;물과 하수
87;물을 공급받아야 하는 구조물과 물을 공급해주는 펌프는 파이프 시스템으로 연결되어 있습니다. 물을 사용하는 파이프 시스템은 물을 공급하는 입구인 펌프와 물을 공급받아야 할 여러 구조물의 출구를 연결할 수 있습니다.

파이프 요소가 포함된 수도 툴팁을 확인하여, 주민들이 펌프가 물을 얼마나 공급 중인지, 구조물들이 물을 얼마나 사용 중인지 확인할 수 있습니다. 공급되고 있는 물의 양이 충분하지 못하다면, 구조물들이 작동 중지 상태가 될 것입니다.

파이프엔 수도 파이프와 비슷한 기능을 하는 하수 배출 기능도 포함하고 있습니다, 하지만 [Sewage]의 경우, 배출되는 하수가 토양오염의 원인이 됩니다. [Waste Filters|Waste Filter Item]가 발명이 되고 나면, 하수를 배출하는 곳에 필터를 연결하여 토양 오염을 완화 할 수 있습니다.
88;파이프 요소는 주민들이 구조물의 스모그 배출량과 물 사용량의 정보를 확인할 수 있게 됩니다.
89;에너지 요소는 특정 장소의 전력망의 상황을 확인하는 데에 사용됩니다. 또한, 연료를 이용해 작동하는 구조물의 소비량을 확인하는 데에도 사용됩니다.
90;연료
91;연료를 소비하는 구조물은 이곳에서 연료를 공급할 수 있습니다, 또한 구조물은 다른 종류의 연료를 필요로 할 수도 있습니다. 구조물이 어떤 재료를 연료로 사용하는지에 대한 목록을 툴팁으로 확인할 수 있습니다. 연료는 [Storage Component]를 이용해서 공급해 줄 수도 있습니다.

구조물이 작동하는 동안, 연료 소모 단위인 와트(W)로 계산하여 매초 소모됩니다. 여러 종류의 연료마다, 얼마 만큼의 에너지가 발생하는지 환산한 단위인 줄(J)로 계산하여 나타냅니다. 초 당 소모되는 1와트당, 1줄 만큼의 에너지가 소모됩니다. 연료의 경우, 구조물이 작동 중이 아닐 시 소모를 중단합니다.
92;에너지 통계
93;구조물에서 사용하는 [Power]의 종류는 두 가지로, 전력과 기계동력이 있습니다. 전력망에선 구조물에서 필요한 에너지의 종류와 수급량에 관해 확인할 수 있습니다. 만약 구조물에 공급하는 에너지가 필요한 에너지의 양보다 작을 경우, 구조물은 작동 중지 상태가 됩니다.

연료를 사용하여 전력을 생산하는 구조물은 근처에 전력이 필요한 구조물이 없다면 자동으로 작동 중지됩니다. 그러므로 연료를 아끼기 위해 켜거나 끌 필요는 없습니다.
94;에너지 요소를 통해 전력과 연료의 수급에 관해 확인할 수 있습니다.
95;수리 요소를 이용해 주민들이 도구를 [ToolBenchItem]에서 수리할 수 있게 됩니다.
96;부러진 도구를 넣으면, 수리에 필요한 재료가 자동으로 나타납니다. 높은 등급의 도구는 [Specialty|Specialties]에 맞는 주민이 도구를 수리하면 소모되는 재료가 감소합니다. 수리할 때 필요한 재료는 주민이 직접 채우거나, [Storage Component]를 이용해 연결되어있는 저장소에서 자동으로 채울 수 있습니다.

도구 작업대의 소유자가 [Credit Component]를 이용해 다른 주민이 작업대에서 수리 비용을 청구 할 수 있습니다. 수리 기능을 다른 사람들도 이용할 수 있게 하려면, [Authorization Component]를 이용해 사용할 수 있는 권리를 부여해야 합니다.
97;주민들이 도구를 수리할 수 있게 됩니다.
98;상태 요소를 통해 구조물이 작동 할 수 있는 상태의 조건을 주민이 확인 할 수 있습니다, 해당 구조물 상태 목록에 적힌 조건을 충족하면 작동합니다. 만약 구조물이 [Pollution]을 발생시킨다면, 이 역시 상태 요소를 통해 구조물이 작동할 때 만들어내는 오염물질을 확인할 수 있습니다.
99;구조물 상태
100;구조물을 작동하기 위해선 상태 요소에 나타난 조건들을 만족하는 상태여야만 합니다. 다음은 상태요소에서 확인 할 수 있는 조건들의 예시입니다.

- 유효한 [Room|Rooms]의 형태인 건물 안에 위치해야 합니다

- 충분한 양의 [Power]를 가지고 있어야 합니다

- [Sewage] 처리 시스템이 작동 중이어야 합니다
101;상태 표시 아이콘
102;주민이 상태 요소의 조건을 부합시키려 할 때, 구조물의 메뉴 창 왼쪽 상단에 위치하는 상태 표시 아이콘으로 구조물의 상태를 빠르게 확인할 수 있습니다. 초록색 원일 경우 작동 중, 반대로 붉은색 원일 경우 작동 중지 상태입니다.
103;구조물이 작동 중, 또는 작동 중지 상태와 그 이유를 알려줍니다.
104;저장 요소를 통해 저장 구조물의 인벤토리를 관리하고, 보관함이 필요한 구조물과 연결시킬 수 있습니다.
105;저장고 관리하기
106;저장 구조물의 인벤토리는 근처의 저장고끼리 연결되어 있어 물품의 묶음을 옮길 수 있습니다.

'쉬프트' 키를 누른 채로 물품을 드래그하여 옮기면 동일한 물품이 모두같이 다른 저장고로 옮겨집니다. '쉬프트' 키를 누른 채 물품을 클릭해 물품의 묶음을 원하는 만큼 나누어 옮길 수 있습니다. '컨트롤' 키를 누르고 물품의 묶음을 클릭하면 절반을 나누어 옮깁니다.

[StockpileItem]와 같은 저장 구조물의 경우, 모든 물품을 저장할 수 있습니다. 하지만 [StorageChestItem]과 같은 구조물의 경우, 손에 들 수 없는 물품만 저장 가능합니다.
107;저장 구조물 연결하기
108;저장 요소의 제목 옆 체크 박스를 통해 구조물과 저장고를 연결시킬 수 있습니다. 한번 연결이 되면, 구조물은 저장고의 모든 물품에 대한 권한을 얻고 저장 구조물을 권한을 얻은 구조물의 저장을 위한 공간으로 사용합니다. 보관 구조물과 연결 시킬 때, 저장 요소의 최상단에 있는 저장 구조물이 저장의 기능을 가장 먼저 수행합니다. 저장고의 순서는 목록에서 드래그를 통해 우선순위를 정할 수 있습니다.
109;구조물의 인벤토리를 관리하고 저장고를 연결 시킬 수 있게 됩니다.
110;운석을 막기 위한 기술의 발전은 거래를 통한 경제의 번영이 필수적입니다.
111;은행 계좌는 한 명 또는 그 이상의 주민이 [Currency]를 보관하기 위한 저장 수단입니다. 세계에 발을 들이는 모든 주민은 한도가 없는 자신만의 크레딧이 있는 개인 은행 계좌를 가지고 시작하게 됩니다. 추가로 계좌를 개설하고 권한을 부여하기 위해선 [Bank|bank component]를 이용해야 합니다.
은행 계좌는 여러 화폐를 체계화하기 유용하고, 여러 사람에게 자금의 접근 권한을 부여할 수 있으며, 징수한 세금을 보관하고 누가 관리할 수 있는지 정할 수 있습니다. 정부는 보통 세금의 흐름을 관리하기 위하여 여러 개의 계좌를 개설해 관리해, 그 자금이 의도한 대로 사용될 수 있도록 노력합니다. 모든 은행 계좌는 보관 할 수 있는 화폐의 종류와 금액의 한도가 없으며, 화폐별로 따로 기록을 추적할 수 있습니다. Eco의 모든 거래는 공개적이기에, 은행 계좌를 클릭하여 화폐의 사용기록과 입금, 출금의 내용을 확인 할 수 있습니다.
112;은행 계좌는 주민들과 정부 기관이 다양한 용도로 사용하는 화폐의 보관과 화폐의 종류를 구분하게 해주는 역할을 합니다.
113;    계약은 두 명의 주민이 [Contract Board|contract board component]를 이용해서 한 합의입니다.  이 합의에는 여러 가지의 조항을 설정할 수 있고, 어떤 작업을 할 것인지 보상은 어떻게 지급할 것인지의 조합을 특정할 수 있습니다.  계약은 의뢰인이 게시하며, 해당 계약을 수행할 수 있는 주민은 언제나 계약을 수락할 수 있습니다.
114;계약의 예시는 다음과 같습니다:    - 지정한 두 지점을 잇는 도로 건설하기.
    - 이자율과 기한을 정한 대출금을 빌려주기
    - 지정한 장소에 필요한 조건을 갖춘 건물(방) 건설하기.
    - 직접 의뢰할 사항을 작성해서, 그 사항을 끝내면 의뢰인이 직접 확인 후 완료/실패 여부 판단하기.
115;계약 기능은 두 주민 간의 합의 사항을 성립 시켜 유지할 수 있게 도와줍니다.
116;제작은 재료, 노동력, 또는 상황에 따라 에너지까지 사용해 물품을 만들어내는 작업입니다.  하지만 제작을 함으로써 환경에 부정적으로 작용하는 오염을 일으키는 부산물이 생성될 수 있습니다.  제작은 경제의 중추 역할을 하며, 우리 주변 생태계에서 생성되는 자원을 필요로 하며, 숙련된 기술력이 필요할 수도, [Power|Power Component] 또는 [Sewage] 시스템처럼 다른 구조물에서 생성되는 자원이 필요할 수도 있습니다.

[Crafting Component]을 포함한 모든 작업대는 목록에 나열된 물품들을 만들 수 있습니다. 작업대는 공유가 가능한 구조물인데, 작업대마다 설정되어있는 [Authorization Component]를 이용해, 작업대를 사용할 수 있는 사람을 선택하고, 작업대를 공유하는 대신 [Credit Component]의 요금 기능을 설정해 화폐를 받을 수 있습니다.

자원의 공급과 물품의 회수 모두 작업대에서 직접 할 수 있지만, [Storage Component]로 연결하여 상호작용 할 수 있습니다.  저장고에서 재료와 생산 물품을 보관 할 수 있게 하여 대량의 작업 주문을 자동으로 진행 시킬 수 있습니다.

대부분의 조합법은 특정 [Skill|skills overview]의 노동력을 이용합니다.  누구나 조합법을 선택하고 재료를 공급할 순 있지만, 요구하는 기술을 가진 주민만이 노동력을 추가할 수 있습니다.  그렇기에 자신이 수행 가능한 작업을 하는 주민들이 모여서 물품을 생산하는, [Work Parties]을 게시할 수도 있습니다.
117;제작은 특정 작업대에서 주민이 물품을 생산하는 행동입니다.
118;화폐는 상품의 값어치를 나타내는 척도로써, 거래를 보다 간편하게 하기위한 도구입니다. 화폐의 값어치는 어떻게 사용하냐에 따라 값이 매겨집니다.
Eco의 세계에선, 보증된 화폐와 보증되지 않은 화폐 두 가지 종류의 화폐가 존재합니다.

보증되지 않은 화폐는 사회적인 힘으로 가치를 인정받는 명목화폐이며, 모든 플레이어는 시작과 함께 자신만의 무한한 화폐를 가지고 시작하게 됩니다. 이 화폐들은 특히 세계 공통화폐가 생기기 이전 아주 유용하게 사용됩니다. 그렇지만 이 화폐는 잔액에 한계가 없기에 무분별하게 이용해 화폐 자체의 가치를 떨어뜨릴 가능성이 있으므로 자신의 화폐의 가치를 조작하지 않겠다는 강력한 신뢰를 얻어야만 합니다.

보증 화폐는 더욱 안정적인 화폐의 종류입니다. 보증 화폐는 사용 가능한 재료를 보증 물품으로 이용해 [Mint|Mint Component]에서 화폐를 생산할 수 있습니다. 더 많은 화폐를 생산하기 위해선 같은 가치만큼의 동일한 재료가 필요합니다. 이러한 화폐 생산 방식은 생산의 한계가 확실히 정해져 있기에 세계 전체와 거래를 하기 위해 필요한 믿음의 지반을 더욱 튼튼히 다질 수 있습니다.  대부분의 게임에서, 세계의 시간이 흘러감에 따라 게임의 경제가 틀을 잡아 성장해 나가면서 여러 플레이어의 화폐를 보증 화폐 하나 또는 몇 개로 통일하는 선택을 하게 되고, 조금 더 규모가 큰 거래를 하며 협업 또한 요구될 것입니다.

화폐는 경제 요약 창에서 다른 사람에게 이체하거나, [Trade]를 통해 전해줄 수 있습니다.  모든 화폐는 [Bank Account|Bank Accounts]에 보관됩니다.
119;화폐는 거래를 쉽게 만들어주는 사회의 산물입니다.
120;'경제의 진정한 가치는, 돈의 사용금액이 아닌 올바른 판단에서 나온다.'    헨리 포드
121;경제는 기본적으로 농사와 같은 형태로, 물품을 생산해 주민들과 거래를 하고, [Government|Government Overview]가 관리하는 [Ecosystem|Ecosystem Overview]의 틀 안에서 이루어집니다. 주민들은 이 경제 구조를 무너뜨리지 않고 유연하게 운영해 무리한 발전으로 행성이 망가지지 않게 오염을 최대한 늦추어, 우리를 향해 다가오는 운석을 막기 위한 기술을 발전시켜야 합니다.
122;경제의 기본 틀
123;  - [Crafting]. 공업 기구를 이용하여 새로운 물품을 만들어 냅니다.
 - [Trade]. 서로 다른 특성을 가진 주민들끼리 자신이 생산한 물품을 거래합니다.
 - [Transport]. 자원을 쉽게 사용하기 위해 옮겨, 경제활동의 기반을 위한 기초적인 시설을 만듭니다.
 - [Research]. 더 나은 사회를 만들기 위해 인간의 지식을 연구합니다.
 - [Currency]. 주민이 경제활동을 더욱더 편하게 하기 위해 만들어낸, 물품의 가치를 나타내는 개념입니다.
 - [Work Parties]. 협업해 보상을 나누기 위해 조직한 협동 계약입니다.
 - [Contracts]. 두 주민 간의 보상을 전제로 한 약속으로, 자신에게 필요한 노동 또는 다른 합의를 해결할 수 있습니다.
 - [Bank Accounts]. 권한 설정이 가능한 화폐의 저장 수단입니다.
 - [Finance]. 다른 주민에게 자금을 융통해 수익을 창출함과 동시에 그들의 발전에 도움을 줍니다.
124;경제는 자원의 사용, 거래, 그리고 기술적 진보 등 주민이 행하는 활동으로 이루어져 있습니다.
125;[Contracts]을 이용해, Eco의 주민은 당사자 간 대출을 해주거나 받을 수 있는 계약을 맺을 수 있으며, 해당 자금의 이자 상환이나 납부 기한에 대한 내용을 자동으로 확인하여 추적됩니다.  대출 기능은 새로운 주민과 더 오래 플레이하여 부를 축적한 주민 모두 이득을 취할 수 있으며 사회적 발전에도 도움이 좋은 방법입니다.
대출을 해주는 주민은, 계약하는 사람에게 이자를 받는 것을 염두에 둔 금액을 상대방에게 줍니다.
대출을 받는 주민은, 그 대출금을 다시 돌려줄 때 그 금액에 정한만큼의 이자를 붙여 상대방에게 줍니다.

대출금에 대한 정보를 확인해, 채무 불이행을 판단하는 관련된 [Laws]을 추가로 설정해 계약할 수 있습니다. 해당 법률로 채무 불이행 시, 재산이나 토지를 압류하거나 벌금을 부과하거나 불이익을 줄 수 있습니다.
126;금융은 발전을 위해 화폐를 관리하는 모든 활동을 포함하는 개념입니다.
127;플레이어는 다른 플레이어의 명성에 영향을 끼칠 수 있습니다, 명성은 법률과 계약 등, 주민들이 상대방의 명성의 수치를 확인해 긍정적인 영향을 미치는 요인(수치가 낮다면 부정적)이 될 수 있습니다. 주민의 명성에 대해 확인하고 싶다면, 확인을 원하는 닉네임을 채팅을 적어 마우스를 올리면, 툴팁을 이용해 확인할 수 있습니다(모든 주민의 목록 확인을 원한다면 [Current Citizens]에서 확인 가능합니다).
128;명성은 멀티플레이에 최적화되어있는 기능입니다, 모든 주민은 누구에게나 한 번씩 명성을 줄 수 있는데, 긍정적인 의미로 +1 이상, 부정적인 의미로 -1 이하로 줄 수 있습니다.  명성 기능은, 소수의 주민과 깊은 관계를 맺어 명성을 획득하는 것보다 많은 주민들과 얕고 넓은 관계를 맺는 것이 명성 획득에 더욱 도움 됩니다.  Relative Reputation은 당신이 명성을 준 상대에게서 받을 수 있는 또 다른 명성의 수치입니다.
129;다른 시민들 또는 법률을 통해서 설정되는 값으로 사회적 지위를 나타냅니다.
130;연구를 통해 새로운 종류의 물품과 기술과 같은, 다른 이들과 나눌 수 있는 지식을 발견할 수 있습니다.  연구는 기술 책을 제작하는 [ResearchTableItem]에서 할 수 있습니다.  연구 작업대에서 만든 기술 책은, 사용하면 주민의 기술을 잠금해제 할 수 있는 기술 두루마리를 무한으로 생성할 수 있습니다.
기술 두루마리는 한번 사용하면 없어지는 물품으로, 기술 두루마리를 이용해 잠금을 해제하고 레벨업 후 기술을 선택해  [Skills|skills overview] 시스템에서 기술 효과를 받을 수 있습니다.  기술 두루마리로 새로운 기술을 습득하게 되면 주민은 [Property Claim Papers|Property] 묶음을 얻을 수 있습니다, 기술을 획득하고 문서를 이용해 땅을 넓힐 수 있습니다.

기술 책은 만들기 어려운 물품 중 하나이기에, 대부분의 경우 기술 책을 제작하기 위해 여러 주민이 협동해 다양한 재료와 필요한 노동력을 공급해주어야 합니다.  그렇기 때문에, 연구 관련 작업은 물품을 만들기 위해서 주민들이 협업해서 완성을 한다면 곧바로 관련된 지식을 누구나 얻을 수 있어, [Work Parties]이 제공하는 기능과 아주 잘 맞습니다.
131;연구를 통해 제작한 지식은 모두와 공유할 수 있고, 새로운 종류의 물품과 기술의 잠금을 해제합니다.
132;Eco의 세계에선 주민들과의 거래는 필수적입니다, 모든 플레이어는 자신만의 특별한 [Specialties]을 가지고 있어 자신이 가지고 있지 않은 전문직의 특성을 거래를 통해 효율적으로 해결할 수 있습니다.
 - 거래는 [Store Component]를 이용해, 원하는 물품들의 구매/판매 가격을 설정해 상점을 설치할 수 있습니다.  당신의 접속 여부와 상관없이 주민들은 상점에서 물품을 구매/판매 할 수 있습니다.
 - 노동력의 거래는 [Contracts]과 [Work Parties]을 이용해, 상호 간 합의된 항목들을 통해 일하고 보상을 받을 수 있습니다.  이 또한 상대방의 접속 여부와 상관없습니다.
 - 화폐 간의 환전은 [Currency Exchange|Exchange Component]를 이용해, 다른 화폐들의 구매/판매 목록을 확인할 수 있습니다.
 - [Transport]과 운송수단을 통해 피어나는 문명의 중심지와 거래가 더욱 용이해진다면 이는 곧 거래의 효율이 급격하게 상승할 것입니다.
 - 거래행위는 정부([government overview])가 설정한 [Taxes] 부과로 인해 특정 거래의 가치를 촉진시키거나 감소시킬 수 있습니다.
133;각자 다른 능력을 갖춘 시민들이 만든 상호 보완적인 물품의 거래는 곧 경제의 중추가 됩니다.
134;세계의 자원은 곳곳에 퍼져있어서 자원을 획득하고 물품으로 가공하는 플레이어들의 위치가 다른 만큼, 운송이란 개념은 Eco의 세계에서 성공을 향한 아주 중요한 요소가 됩니다.
효율적으로 재료를 가공하기 위해선, 그 재료를 실을 운송 수단을 만들어야 하고, 운송수단은 이동을 위한 평지가 필요할 것입니다.  [StoneRoadToolItem]를 이용해 땅을 평평하게 만들어 운송수단이 이동할 수 있고, 경사로를 이용해 높낮이가 다른 곳도 부드럽게 올라갈 수 있습니다.  운송수단이 발전함에 따라 에너지의 효율 문제로 도로도 같이 발전되어야만 합니다, 그렇기 때문에 새로운 기술이 개발되면 도로 또한 순차적으로 개발되어야 합니다.

마을과 자원 저장고 간의 도로를 건설하기 위해선 시간과 주민의 수많은 노력이 필요합니다, 그러므로 [Work Parties]을 게시하고 [Taxes]을 자금으로 사용해 뛰어난 지원자를 구해야 합니다. 기술이 발전함에 따라서, 상업의 흐름에 따라 교통의 인프라가 점점 더 많이 구축될 텐데, 이로 인해 도로의 발전과 운송수단의 사용은 환경에 영향을 미치기 시작하는 단계에 이르게 될 것입니다.  이러한 영향을 세심하게 관리한다면 생태계에 닥칠 위험을 방지하는 열쇠가 되어 줄 것입니다.
135;자원의 생산량과 소모량이 점점 늘어남에 따라, 교통의 인프라가 필요해지며 이를 구축해 나가며 세계는 변화해 갑니다.
136;동업 계약은 여러 주민이 서로 협동하여 작업을 완수하는 계약입니다.  계약을 시작하려는 주민이 작업 주문을 해두고 [Contract Board|Contract Board Component]에서 계약을 시작할 수 있습니다.
동업계약을 시작하려는 주민은 다음과 같은 계약의 조건들을 고려할 수 있습니다:
 - 완료 시켜야 하는 작업 주문 선택하기.
 - 협동 계약에 참여하려는 주민의 조건 설정하기.
 - 작업에 기여한 주민들의 보상 결정하기.
 - 보상의 분배의 방식 선택하기.
 - 보상의 분배의 방식 선택하기.

협동 계약은 특히 [Research]의 제작을 할 때 더욱 유용합니다. 협동 계약 시작 전 연구 작업을 시작해두고, 얼마만큼의 재료가 필요한지 파악 후, 협동 계약을 게시할 수 있습니다. 그렇게 되면 다른 주민들은 해당 계약을 보고 참여해(계약을 게시한 주민이 접속 중이 아니더라도, 참여 조건을 충족시킨다면) 자신에게 주어진 일을 시작할 것 입니다.

보상은 다음과 같은 다양한 방식으로 줄 수 있습니다:
 - [Currency]는, 작업에 얼마나 기여했느냐에 따라 분배 할 수 있으며, 작업 시작 즉시 지급하거나 작업 완료 후 지급할 수 있습니다.
 - [Reputation]은, 협동 계약을 게시한 주민이 노동자에게 지급할 수 있습니다(상대방에게 줄수있는 명성의 한계치까지만 지급할 수 있습니다).
 - 특정한 특성의 지식을 줄 수 있습니다(기술 두루마리와 같은 기능입니다). 이 보상을 위해선, 합동 계약의 게시자가 해당 특성의 기술 책을 소지하고 있거나, 계약의 작업 목록에 기술 책의 제작이 있어야만 합니다.
 - [Title]를 지급한다면, 특정 사유지 및 다른 기능들을 사용할 수 있는 권한을 부여할 수 있습니다.

Eco의 경제는 단순히 물품의 거래 행위뿐만이 아닌 노동력의 거래까지 초점을 두고 있으며, 대부분의 사람들이 협동 계약을 통해 다양한 종류의 작업을 보다 쉽게 해낼 수 있게 합니다.
137;동업 계약은 다양한 플레이어들이 자신에게 주어진 일을 해내는 공동 계약으로, 다양한 방식으로 보상을 분배합니다.
138;세계는 살아 숨 쉬는 생물군계로, 인간이 생존에 필요한 자원들이 내재되어 있습니다.
139;행성을 아우르는 생명의 거대한 다양성과 풍요로움이 가득한 세계의 광범위한 영역의 분류를 우리는 지형이라 부릅니다. Eco의 세계에선 강수량과 온도를 이용해 특정 범위들로 나누어 지형으로 설정되어 있습니다. 자연의 법칙을 기반으로 설계함으로써, 미생물이나 균류, 동물 등 종이 다른 생물들도 Eco 세계의 지형에서 살아남고, 번성할 수 있습니다. Eco에 존재하는 지형들만의 고유한 자원들을 배치해 플레이어가 그 자원을 발견하고, 획득하게 함으로써 사회를 세우고, 발전시킬 수 있게 합니다. 지구에 존재하는 것처럼, 자원과 기후의 영향으로 거주지, 식생활, 토양(농경)으로 묶인 상호의존적인 삶의 공동체가 모든 지형마다 생겨납니다.

이 세계의 모든 생태계의 소분류인 지형은, 사막 지형의 고지대 사막, 초원 지형의 키 큰 풀이 자라는 지대, 툰드라 지형의 빙하지대, 바다 지형의 해안지대 등, 지대를 포함하고 있습니다. 지형과 지대는 서로 매우 밀접한 관련이 있어, 대부분의 경우에 지형의 근처 또는 지형에 포함되는 지대의 종류는 제한적입니다. 시간이 흐르면서, 플레이어가 지형에 영향을 미쳐 지형의 조건이 바뀌면 지형과 지대의 근본적인 모습 또한 바뀔 것입니다.

기후의 변화는 지형의 환경 또한 변하게 하며, 생명체들을 이동하게 합니다--기후의 변화에 몇몇 종은 살아남아 적응하겠지만, 살아남지 못한 종은 거대한 타격을 입을 것입니다. 토양의 환경이 직접적으로 변경되는 경우와 건설, 농업, 채광, 벌목 등의 서식지 파괴 행위로, 지형 내의 모든 종에게 각각 다른 정도의 영향을 미치게 됩니다. 이는 단순히 지형뿐만 아니라, 그 지형의 특정한 지대에 특화하게 진화한 식물 또는 동물 종의 경우, 해당 지대가 변하거나 파괴될 경우엔 아주 심각한 타격을 입게 된다는 뜻이 됩니다. 회복과 적응에 강한 종은 지형의 변화마저 뛰어넘어 종의 번성을 누릴 수 있지만, 이전에 소개한 것과 같이, 새로운 지형에 대해 예민한 식물이나 동물의 경우, 환경에 적응한 새로운 종이 그들에게 새로운 위협이 될 수도 있습니다.
140;Eco의 지형 종류:
141;해양 지형 : 해양의 대륙붕 부분으로, 생물이 풍부합니다. 깊은 해양: 해양의 가장 깊은 부분으로, 가장 거대한 양의 해양 종이 살고 있으며 물고기의 서식지 이동이 자주 일어납니다.
한랭 해안 지형 : 얕은 바다와 해안에 위치하며 기온이 낮습니다.
온난 해안 지형 : 얕은 바다와 해안이 위치하며 기온이 따뜻합니다.
습지 지형 : 바닷물과 강물이 섞이고 흙색의 물이 특징인 독특한 지형입니다.
초원 지형 : 나무는 적지만 풀이 잘 자랄 만큼의 물이 공급되는 지형입니다.
사막 지형 : 가장 건조한 지형으로, Eco의 세계에서 가장 기온이 높은 곳이기도 합니다.
한대 수림(숲) 지형 : 나무가 빽빽하게 자랄 수 있을 만큼의 물이 공급되는 지형으로, 침엽수가 대부분일 정도로 기온이 낮습니다.
온대 수림(숲) 지형 : 나무가 빽빽하게 자랄 수 있을 만큼의 물이 공급되는 지형으로, 활엽수가 대부분일 정도로 기온이 따뜻합니다.
열대 우림 지형 : 나무가 잘 자랄 만큼의 물이 공급되는 지형으로, 다양한 식물과 동물이 살고 있습니다.
타이가 지형 : 기온이 낮고 건조한 지형으로 많지 않은 수의 침엽수가 자라고 있습니다.
툰드라 지형 : 기온이 아주 낮은 지형으로 나무가 자라지는 않지만 독특한 식물과 동물이 살고 있습니다.
얼음 지형 : 기온이 제일 낮은 지형으로 빙하로 뒤덮여 있습니다.

현재 Eco의 세계엔 몇 개의 지대 또한 있습니다:

고지대 사막 : 지질학적으로 일반적인 사막보다 높고 생물들이 보다 추운 기온을 버틸 수 있으며 침식으로 인해 생겨난 가파른 언덕을 볼 수 있습니다.
한랭 초원 : 일반적인 초원보다 기온이 조금 낮고, 많지 않은 수의 나무와 거대하게 펼쳐진 공간이 특징입니다.
142;생태계의 동물과 식물은 인간이 살아남을 수 있는 수단이 되어줍니다.
143;그래프
144;모든 Eco의 세계는 게임의 모든 정보 기록하고 시뮬레이션의 양상을 관찰하고 기록을 보관합니다. 데이터는 몇 개의 큰 카테고리로 분류가 되는데, 이는 바로 생태계와 경제입니다. 플레이어가 특정 행동을 하거나, 생태계에 변화가 발생한다면, 그래프에 해당 정보가 나타나며 주민들이 이를 확인할 수 있습니다.

그래프는 다양한 수치를 비교하거나 시간의 흐름에 따라 변화한 수치를 확인할 때 가장 유용합니다. 그러므로, 그래프를 이용하면 과거의 법률과 규정의 결과가 실행한 이후, 어떤 상황이 발생하였는지 연구할 수 있습니다. 또한 그래프는 미래의 결과의 다양성을 실험하여, 변화하고 있는 값의 수치를 예상해 (예시로, 숲을 벌목하면 동식물의 개체군의 수치가 어떻게 변화할지) 일이 발생하기 전, 변화를 꾀하는 데에 유용합니다. 그래프를 읽고, 만들며, 이해한다면 정부에 강한 힘이 되어주는 도구가 될 것이며, 주민들에게는 자신들의 권리에 대해 동료 주민들과 토론을 할 때, 자신의 근거를 뒷받침하고 상대방의 근거를 반박하게 해줄 훌륭한 도구가 되어줄 것입니다.
145;히트맵 (열 분포 이미지)
146;Eco의 세계는 다양한 지형과 환경에 영향을 미치는 인간이 개발한 지역 등으로 이루어져 있습니다. 세계의 다양한 지역들을 한눈에 확인하기 위해, 세계의 다양한 지표들을 색으로 나타내는 히트맵 기능이 있습니다. 주민들의 활동한 반경, 개체군의 비율, 오염의 정도, 기온, 습도, 그리고 여러 다양한 기능들의 수치를 히트맵을 통해 확인 가능하며, 시간을 되돌려 볼 수 있는 기능도 있어 이를 이용해 과학적으로 주장의 근거를 증명할 수 있습니다.

플레이어가 히트맵을 확인할 방법은 두 가지가 있습니다: 지역을 색으로 구분 지어 나타낸 히트맵을 게임 안 지도 기능을 통해  확인할 수 있습니다.  두번째 방법은, 웹 브라우저를 통해 확인할 수 있으며, 이 방법은 시간을 되돌려 확인하는 기능도 가지고 있습니다.  히트맵은 10분마다 서버 데이터에 저장되고 (수정 가능), 주민들은 그 히트맵이 시간이 따라 어떻게 바뀌는지 타임 랩스 기능으로 확인 가능합니다. 이 기능은 특정한 위치의 영향 수치를 측정하고 인프라와 정보국을 구축하기 위한 최선의 경로를 결정하는 데 필수적입니다.
147;미니 맵
148;미니맵은 게임 안에서 다양한 기능을 제공하는 아주 유용한 시스템입니다: 길 찾기, 계획 세우기, 데이터 확인하기, 괜찮은 부지 찾기 등, 많은 도움이 됩니다. 미니맵 안의 기능으로 세계의 분류를 선택하는 기능을 이용해 (히트맵), 특정 지역의 개체군 수치의 높/낮음, 오염 농도, 주민 활동 기록 등을 색의 구분으로 볼 수 있습니다. 세계 마커는 직접 등록할 수 있으며, 시민 모두를 위하여, 특정 지점을 설정해, 주민의 활동을 조정 할 수 있습니다. 또한 이 마커들은 생산활동에 효율을 끌어올려 주며, 계약 내용의 도로 건설의 위치 또한 알려줄 수 있고, 물품을 옮겨야 할 장소가 어디인지 등을 표시하는 기능도 하고 있습니다.

현재 저희 개발팀은 부지와 특정 지구의 구역을 표시해둔 것처럼, 계약과 협동 계약을 시작할 때, 의뢰자가 미리 특정 지역을 표시해서 계약자에게 땅을 갈도록 하거나 도로를 건설하는 등의 계약 위치를 지정하는 기능 또한 개발 중입니다. 해당 기능은 노동력 교환의 역량이 더욱 커질 것이며, 의뢰자가 정확히 원하는 일의 작업 방식을 계약자에게 더욱더 쉽게 설명할 방법이 될 수 있을 것입니다.
149;생태계의 동물과 식물은 인간이 살아남을 수 있는 수단이 되어줍니다.
150;'삶의 진정한 의미는 나무를 심으면서도, 훗날 그 나무 그늘에 앉아 쉴 것을 기대하지 않는 것이다.'\n– 넬슨 헨더슨
151;
'생태계'라는 단어 그 자체만으로 Eco의 주제를 관통하는데, 생태계의 지속적인 번영은 게임의 목표이기도 하며, 경제의 발전 목표이기도 합니다. 이 목표를 위해, 완벽한 상태가 조성되어있는 생태계를, 인류의 파멸이라는 최악의 상황을 피해 가면서 플레이어는 자원을 획득해 발전해야 합니다.

Eco의 생태계는 서버만 가동 중이라면, 생태계 그 자체가 플레이어의 접속 여부와 상관없이 계속해서 진행됩니다. 생태계에 설계되어있는 식물과 동물은 자신이 직접 에너지를 섭취하며 번식해 나갑니다. 이 동식물들은 플레이어가 사회를 발전시킬 자원의 토대가 되어주고, 이를 채취하는 과정은 생태계에 큰 영향을 미칠 것입니다. 숲을 벌목하는 행위가 어쩌면 생명체들의 서식지를 파괴할 수도 있고, 그로 인해 그들이 멸종되어버릴 수 있습니다. 정광 작업을 함으로써 근처의 강과 호수를 오염시키고, 강과 호수에 의존하는 농장들이 피해를 보게 될 것입니다. 플레이어가 Eco의 세계에서 하는 행동들은 전부 환경에 영향을 끼치기 때문에, 플레이어는 운석을 막고 번영을 위해 자신이 하는 행동이 어떤 영향을 미치는지 알고 있어야만 합니다. 생태계를 날것 그대로 놔두는 것은 선택사항에 없으며, 그런 선택을 하더라도 결국 운석이 날아와 생태계가 파괴될 것입니다. 그러니 생태계를 지키기 위해선, 자원을 채취하여 운석을 막을만한 기술을 지닌 사회로 발전하되, 그 발전 속에서도 생태계를 해치지 않는 길을 찾아야만 할 것입니다.
152;게임의 플레이 방식
153;주민들은 이 생태계라는 시스템을 이해하고 해쳐 나아가야 합니다. 거대한 [Farms|Farming]을 만들거나 [Mines|Mining]을 하는 등, 이러한 활동으로 인한 [Pollution]의 영향에 관해 연구하고 이해하는 것까지, 생태계에서 주민들이 미치는 영향은 어떤 선택을 하느냐에 따라서 생태계가 보존되거나 파괴될 수 있는 행동이 될 것입니다. 그렇기 때문에 게임 속의 [Data]의 기능을 이해하는 것이 바로 생존에 가장 중요한 핵심 조건이 될 것입니다. [Economy|Economy Overview]나 [Government|Government Overview]와는 달리, 생태계는 주민들이 설립한 체계가 아닙니다 - 생태계는 매우 순전한 상태로, 생태계는 경제와 같이 힘으로 주무를 수 있는 것이 아닙니다. 그러므로 생태계는 서로가 편견으로 갈등을 빚거나, 서로의 신념이 충돌하며 인생의 진리를 찾아가는 공간인 것입니다.
154;경제와 정부, 그 사이
155;주민들의 사회 체제가 발전함에 따라, 인류 모두가 발전을 위해 사용하는 한계가 정해진 공통 자원의 사용을 제한하지 않는다면, 결국 자원이 영영 고갈되어버리는 '공유의 비극'이 일어나게 됩니다. 이를 방지하기 위해선, 주민들은 체계를 갖추고, 개인주의적 행동에 제한을 두되, 집단은 생존해 나갈 수 있도록 법률과 주민 규정을 이용해 공동의 이익을 위한 규칙을 만들어야 합니다. 바로 이러한 상황에서 나오는 충돌, 개인과 집단 간의 충돌이 바로 문명의 건설에 아주 기본적인 핵심 행동이 되어줄 것입니다.
156;생태계의 동물과 식물은 인간이 살아남을 수 있는 수단이 되어줍니다.
157;농업은 인간에게 유용한 식물의 종을 채취하고 길러, 전 세계적인 식량의 공급량을 생산하기까지의 모든 방법을 의미합니다. 또한 농업은 재생 가능한 에너지를 생산하기 위해 필요한 바이오 연료와 같이, 산업적인 목적에 초점을 맞출 수도 있습니다.

농업인은 작물의 상태뿐만 아니라 자원의 고갈과 오염 등을 피하고, 토양의 양분 또한 신경 써 주어야만 합니다. [CompostFertilizerItem]를 이용하거나 토양의 상태를 확인 할 수 있는 수단인 [SoilSamplerItem]가 농경지의 생산성을 유지시킬 중요한 도구가 되어 줄 것입니다. 사회가 커져감에 따라 식량과 연료의 필요량 또한 늘어가기에 다양한 이동수단, 저장기술, 그리고 더욱 발전된 도구들이 그에 맞게 농사 영역의 확장에 도움이 되어줄 것입니다.

농업은 Eco의 세계에서 우리들이 발전을 목표로 함에 있어 기술 수준의 향상과 활동 영역의 확장을 위해 필요한 거대한 수단 중 하나입니다. 여러 균형을 맞추는 행동과 저장의 기능은 농업이 발전하기 위한 핵심 요소인데, 사회가 기술적으로 발전하기 위해서는 농업인에게 그에 맞는 식량 및 연료가 필요할 것이기에, 생산품 공급에 도움이 되어 줄 저장 구조물과 여러 방법을 지원하고 있습니다. 농업은 농업 그 자체만으로도 발전과 확장의 가능성을 내포하고 있는데, 그중 씨앗의 개량 및 개발을 통해 해당 농산물이 더욱 생산적으로 변하거나 오염, 또는 다른 환경적인 요인에 저항하는 능력을 갖추게 할 수 있습니다.
158;토양
159;Eco 세계의 토양에는 식물이 자라고, 종의 번성을 가져다줄 양분을 머금고 있습니다. 토양의 양분이 너무 과잉되거나 결핍된 경우, 농사 중인 작물과 자연적으로 생성된 식물 모두의 성장 속도와 수확량에 변화가 생기게 됩니다. 식물은 자라면서 토양의 양분을 흡수하고, 흡수한 양분은 죽음과 함께 토양에 다시 돌아가는 자연의 균형이 이루어지고 있습니다. 그런 자연에서, 플레이어는 식물을 채취하고, 숲을 벌목하며, 채광, 그리고 오염물질 발생을 통해 토양에선 양분이 천천히 사라져 갑니다. 플레이어는 양분이 사라진 토양에 비료를 사용하여 토양의 양분 농도를 맞출 수 있습니다.

여기서 우리는 식물종의 계층이 동물들에게 의존하려는 성질을 증가시킴으로써, 토양과 양분을 주고받는 식물을 소비해버리는 동물들을 생태계에 조성하여 토양에서 양분을 사라지는 상황을 만들어 두었습니다. 이 외에도 플레이어가 고려해야 하는 것은, Eco의 겉흙은 어떠한 특별 성질을 가지고 있느냐입니다. 하지만 현재 해당 기능은 개발 중이기 때문에, 지형에 따라 지역을 구분 지어 겉흙층을 설정해두었으나, 그럼에도 각 지형에서 가장 귀중하고 가치 있는 자원은 진흙과 흙이 아닌 겉흙입니다.
160;식물과 동물의 생명 시스템은 인간이 살아남을 수 있는 수단이 되어 줍니다.
161;당신이 서 있는 대지의 밑 부분에는 매우 다양한 종류의 자원들, 바위, 금속, 그리고 다른 여러 광물 퇴적층으로 이루어져 있습니다. 다른 종류의 바위들로 인해 각 종류의 광물 퇴적층이 생기며 석유처럼 다른 자원들을 가두어둡니다. 현실 지구의 거대한 자원 형태와는 달리 Eco의 세계의 경우 채취하게 될 재료의 균형을 위해 시작한 위치의 재료의 종류를 가늠할 수 있도록, 바위와 퇴적물들의 위치가 지형들을 기반으로 생성됩니다. 각 지형과 연관이 있는 바위와 퇴적물의 종류가 해당 지하자원 층에 넓게 분포되어 있습니다.
162;직접 채광하기
163;광석을 캐내고 싶다면, 먼저 위치를 지정해야 합니다. Eco의 세계에서 광석의 종류는 특정 바위마다 지정되어있기에, 어떤 종류의 바위에 어떤 광석이 포함되어있는지 확인하고, 그와 관련된 바위를 캐는 것이 좋은 시작이 될 것입니다. [WoodenShovelItem]이나 그보다 높은 단계의 도구를 이용해 지반의 흙을 파내거나, 언덕의 옆부분을 파기 시작하십시오. 이후 바위와 마주하게 된다면, 이제부터는[StonePickaxeItem]와 같은 도구를 이용해 채굴해야 합니다. 곡괭이를 이용해 바위를 캘 때, 가끔은 크게 조각이 나게 되는데, 이때 한 번 더 부숴 손에 들 만큼의 조각으로 나누어주어야 합니다. 바위를 채취할 때, 돌을 다른 곳에 쌓아두거나, [StockpileItem]를 이용 할 수 있고, 광석을 [WoodCartItem] 와 같은 이동수단을 이용해 옮기는 걸 추천 드립니다.
164;광물처리 하기
165;다량의 금속 광석을 채취했다면, 그 광석으로 물품을 만들기 전 처리 과정을 거쳐 제련해야 합니다. 이 작업은 지저분하고 비용이 많이 들며, 처리 작업으로 인해 생기는 부산물을 어떻게 관리해야 할 지에 관한 문제도 해결해야만 할 것입니다. 광물을 처리하는 과정을 크게 세 가지로 나누어 분류하면 다음과 같습니다.

분쇄 과정: 분쇄 작업은, 바위를 아주 작은 크기로 조각내어 다음 과정으로 진행할 수 있게 만들어줍니다. 바위를 부수는 과정 중 바위에 포함되어 있는 광물이 해당 작업의 부산물이 될 것입니다.
정광 과정: 광석이 포함되어있는 바위에서 광석과 광석이 붙어있던 바위를 분리하는 과정입니다. 이 과정은 절대로 완벽하지 않기에, 정광 작업을 한 바위라도 아직 광석이 남아있는 바위가 무조건 적으로 나오게 됩니다. 바로 이 광물이 남아있는 바위 조각들이 바로 [TailingsItem] 입니다. [CopperOreItem]과 [GoldOreItem]은 바위와 광석을 분리하기 위해서 녹여내는 침출 과정과 습식 과정을 거쳐야 하는데, 이 과정을 통해 진행하는 정광 작업은 휘발하는 오염물질을 뿜어내는 [WetTailingsItem]이 부산물로 나오게 됩니다.
제련 과정: 정광 작업을 통해 광물을 다듬었다면, [BloomeryItem] 또는 그보다 높은 등급의 구조물을 통해 광물을 녹여 주괴의 형태를 만드는 제련과정을 통해 [IronBarItem]와 같은 물품을 생산 할 수 있습니다.
166;생태계의 동물과 식물은 인간이 살아남을 수 있는 수단이 되어줍니다.
167;주민들은 요리를 위해 불을 피우거나, 에너지 생산, 금속 제련, 하수 시스템을 이용하거나, 그 밖의 셀 수 없을 만큼 다양한 산업 활동을 할 때, 오염물질이 가장 흔히 부산물로 나오게 됩니다. 여기서 말하는 오염물질이란, 자연으로 다시 돌아갈 때 독소를 내뿜거나 주변을 오염시키는 공해를 일으키는 물질을 뜻합니다. Eco에선 다양한 원인으로 발생하는 오염의 종류들 또한 다양한데, 그중 몇몇은 다른 것들보다 더욱 강력한 영향을 끼칩니다. 중금속은 토양오염을 발생시키고, 대지 위에서 살아가는 동물과 식물들의 영양과 상태에 영향을 미칠 수 있습니다. 수질오염은 빠르고 넓게 퍼지며 거대한 규모로 영향이 넓혀집니다. 대기오염은 화덕 또는 발전소에서 나오며, 이는 눈으로 보일 수도, 눈에 보이지 않을 수도 있는데, 이 물질들이 온실가스를 만들고 공기의 질에 영향을 미치며, 다시금 산성비로 변해 대지에 영향을 미칩니다.

생태계를 보전하고 수질과 토양 같은 자원 또한 보존 위해선, 플레이어는 문명의 영향으로 생기는 오염물질의 근원을 억제하고 관리해야만 합니다. 때에 따라, 오염물질의 방출이나 오염의 농도가 너무나 심각해 불가피한 상황이 된다면, 정화 작업과 오염물질의 철저한 저장 및 보관이 이 땅을 오염시키지 않게끔 할 유일한 방법이 될 수도 있을 것입니다.
168;토양 오염
169;토양과 지하의 수면에 오염이 방출되면, 오염물질로 오염이 진행된다면 막거나 되돌리는 것은 매우 힘듭니다. Eco의 세계에선, 토양 오염을 일으키는 비율은 광재가 가장 많은 비중을 차지하고 있고, 플레이어가 제작 활동 중 생기는 찌꺼기 등의 물질 또한 포함되어 있습니다. 오염의 근원이 남아있거나 늘어나게 되어 농도가 증가한다면, 시간이 지날수록 퍼지는 속도와 상태가 급격히 심해질 것입니다. 토양에 영향을 주고 있던 오염 물질의 근원이 사라지게 된다면, 그 또한 시간이 흐르면서 퍼져가며 사라질 것입니다.
170;대기 오염
171;플레이어들은 생산활동을 통해 해로운 배출물을 발생시키는데, 이게 대기 중으로 퍼져나간다면 대기오염을 발생시킵니다. 구조물로 이산화 탄소가 배출되는 물품을 생산하거나, 발전소를 가동한다면 해당 지역, 그리고 전 세계적인 대기질 지수에 영향을 미칩니다. 오랫동안, 전 세계적인 이산화 탄소 수치는 온실효과를 발생시키며 해수면의 높이가 높아지는 결과를 가져오게 됩니다. 이산화 탄소와 같은 오염물질의 수치는 숲과 같은 자연물을 통해 수치가 감소할 수 있습니다.

대기 오염의 농도는 개발자들이 대기오염과 국지적 강우량의 상관관계를 시뮬레이션한 내용을 토대로, 산성비를 통해 땅으로 흐르면서 다시 수치가 떨어지게 될 것입니다.
172;수질 오염
173;물은 오염을 넓게, 그리고 멀리 빠르게 퍼뜨리며, 하류를 통해 강 또는 바다로 흘러 들어가는 심각한 오염의 매개체가 됩니다. 물을 통한 오염은 일반적으로 근처 토양의 오염에 영향을 미쳐 발생하지만, 대량의 대기오염의 결과인 산성비를 통해서도 물이 오염될 수도 있습니다.

오염의 근원을 제거할 유일한 방법은 현재로선 오염물질의 유입 자체를 막는 것뿐이지만, 미래를 위해 깨끗한 환경을 조성하고 정화작업을 고려할 수는 있습니다.
174;오염물질 밀폐수단
175;대부분의 경우, 오염 물질을 처리하는 완벽한 해결책이란 없습니다. 다양한 종류의 오염물질을 보관하기 위해 공간을 확보하고, 오염물질을 보관하여 주변에 영향을 미치지 않도록 방지해야만 합니다. 이는 Eco의 궁극적인 목표인 산업의 유지를 위해서 필수로 지켜야 할 핵심이 될 것입니다. 현재의 버전에서의 광재를 처리하는 방법은 지하 깊은 곳에 보관뿐인데, 관련 기능은 이후 개발을 통해 업데이트하겠습니다.

밀폐수단의 기능 개발이 바로 Eco의 개발자가 오염 관련 기능 중 가장 우선적으로 개선하고자 하는 기능입니다. 방대한 양의 광재와 폐기물을 만들어내는 사회이기에, 플레이어는 밀폐수단을 이용해 오염 문제를 해결해야만 합니다.
176;식물과 동물의 생명 시스템은 인간이 살아남을 수 있는 수단이 되어 줍니다.
177;헌법 조항에서는 정부의 역할을 다음과 같이 정의하고 있습니다. 정부는 법률을 통과시킬 사람을 선택해, 세율을 조정하고, 법률을 변경하는 등의 일을 하는 곳입니다.  이는 곧 정부 활동을 하려면, 특정한 [Election Process|Election Processes]을 따른 선거가 필요하다는 것을 의미합니다.
헌법 조항은 두 가지 방법으로 추가할 수 있습니다.  [CapitolItem]에서, 세 가지 까지 추가할 수 있고, [AmendmentsItem]에서 구조물당 열 가지 씩 더 추가 할 수 있습니다.

정부가 정한 규칙을 정확히 정의해야 하는 이유는, 사회를 구조를 보다 안정적으로 지탱하기 위함입니다.  정부는 법의 힘을 이용해 세계 전체를 다스릴 권한을 부여받기에, 그 힘을 남용할 시 위험으로 돌아올 수 있습니다.  그렇기에 주민들은 각 분야마다 다루는 권력의 분야를 분할해서 서로 상호 발전적인 관계를 만들어, 이후 지도자가 바뀌는 상황같이, 여러 변화를 겪는 도중에도 정부가 제 기능을 유지하고 세계가 긍정적인 변화를 추구하도록 해야 합니다.
178;정부의 일 처리에 대한 지침을 모아두었습니다.
179;헌법이란, 사회가 어떻게 통치될 것 인가를 정의한 수립 문서입니다.  헌법은 다른 정부 구조물이 설치 되기 전 우선적으로 제정해 두어야만 합니다. [Capitol|CapitolItem]에서 제정할 수 있습니다.
정부 선포하기
중앙정부 구조물을 설치하면, 구조물의 설정 창을 연 후 법률을 적은 후 통과 시켜 사람들에게 발표할 수 있습니다. 더 제정할 헌법이 없다면, 정부는 그 즉시 설립됩니다.

이미 시행되고 있는 헌법이 있다면, 서버의 설정에 따라서, 중앙정부 구조물이 설치되어있는 공간의 방 등급 수치가 헌법이 이미 시행되고 있는 방의 수치보다 높아야만 헌법이 받아들여질 수 있습니다.

덧붙이자면, 이후 업데이트를 통해 같은 서버 안에서 여러 정부가 동시에 운영될 수 있게 할 예정입니다.
180;정부의 수립 문서 입니다.
181;  인구관리는 주민의 직급을 나누는 기능으로, 정부를 통해 관리할 수 있습니다. 이 기능을 이용해서 어느 곳에서나 주민들을 특정할 수 있습니다 (권한, 법률, 등의 대상 설정 기능).

예를 들어, 벌목 기술이 3 이상인 플레이어들을 하나로 묶어, '나무꾼'이라는 이름의 하나의 직급으로 정의할 수 있습니다.  그 이후, '나무꾼' 에게 나무를 벌목할 수 있는 권한을 주는 법률을 제정할 수 있습니다.

인구관리는 [Census Bureau|CensusBureauItem]을 통해 관리할 수 있습니다.

또한 인구관리를 통해 직급을 나누어 급여를 지급할 수 있습니다.  주민이 직급의 조건을 준수하고 있는 동안 주기적으로 급여를 받을 수 있습니다.
182;주민들을 특정 기준에 맞추어 규정합니다.
183;플레이어는 [ZoningOfficeItem]에서 구역을 설정할 수 있으며, 법률로 지정한 특정 구역으로써도 사용될 수 있습니다.
구역이란 특정 범위를 선택해 지정해 둔 것으로, 구역끼리는 서로 영향을 미치지 않으며, 구역의 범위는 언제든지 변경할 수 있습니다.  구역은 구역지도의 안에서 지정 가능하며, 구역지도의 생성은 제한이 없습니다. 하지만, 같은 구역지도에서는 구역 범위를 겹쳐놓을 수는 없습니다.

구역은 법에 위배되지 않는 행동만 할 수 있도록 설정할 수 있습니다. 예를 들어, '보호 구역'에서는 나무를 베는 것을 금지하는 법률을 만들어서, 해당 구역을 보호할 수 있습니다.
184;법률과 그 밖의 시스템에서 대상으로 이용 할 수 있도록, 특정 범위를 구역으로 정할 수 있습니다.
185;공직자 직위는 정부의 공식적인 직위로, 정부의 방침을 관리 할 수 있는 권한을 가지고 있습니다. 증명이 필요한 상황에서 해당 직위를 통해서 증명할 수 있습니다(권한, 법률 등 직위가 조건으로 필요한 곳).
공직자 직위는 [GovernmentOfficeItem]에서 생성할 수 있습니다. 생성하려 하는 공직자 직위는 다음과 같은 몇 가지의 조건이 붙습니다.

 - 직위를 누가 맡을 것인가를 [Election Process|Election Processes]을 통해 선출합니다
 - 몇 명에게 해당 공직자 직위를 수여 할 것인지 정해야 합니다
 - 정부를 위해 일할 재직 기간을 설정해야 합니다
 - 해당 직위를 가진 사람이 퇴임하게 되면 그 자리를 어떻게 이을 것인지 정해야 합니다

공직자 직위를 만들 때, 다음과 같은 권한들도 설정할 수 있습니다.

 - [TreasuryItem]에서 세율을 설정할 수 있는 권한
 - 국고 계좌에 보관되어 있는 자금을 이용할 수 있는 권한
 - 개인 재산 통계에 포함되지 않는 정부 은행 계좌를 개설할 수 있는 권한
 - 세계 지도에서 주민들의 확인이 필요한 지점을 마커로 표시할 수 있는 기능의 여부

공직자 직위는 직위를 가지고 있는 주민들이 주기적으로 받는 급여의 설정 권한을 부여받을 수 있습니다.
186;공직자 직위는 정부의 공식적인 직위로, 정부 방침을 관리할 수 있는 권한을 부여받을 수 있습니다.
187;[BoardOfElectionsItem]에서 주민들은 선거의 방식을 직접 설정해, 정부와 지도부의 다양한 형태의 변화를 만들어 낼 수 있습니다.
[Civic Articles]은 선거가 진행하는 도중에도 참조가 가능하므로 선거에 필요한 대처 방법을 확인 할 수 있습니다.  [GovernmentOfficeItem]에서 뽑는 [Elected Titles]의 선거의 경우엔, 해당 직위에 선출이 될 후보자들을 나열해 두어야만 합니다.

선거의 조건 설정에는 투표권자의 집단, 거부권 행사 여부, 선거의 기간, 선거 승리에 필요한 비율 등이 있고, 이는 매 선거마다 설정할 수 있습니다.  주민들은 각각 다른 방식의 선거를 통해 정부에 앉힐 직위의 권력을 분배합니다. 주민들이 이렇게 할 수 있는 이유는, 세계에서 가장 강력한 권력을 가지는 직위도 결국 전 세계의 주민들이 선거를 통해 뽑고, 탄핵 또한 주민들에 의해 당할 수 있기 때문입니다.
188;선거가 진행되는 방식을 규정합니다.
189;선거의 방식은 다음과 같이 두 가지로 나눌 수 있습니다.
 - 공직자 선거 . 해당 선거는 [Elected Titles]를 가진 이가 선거를 통해 특정 시민에게 권한을 부여할 수 있습니다.
 - 국민투표.  해당 선거는 찬성 또는 반대를 표해, 주민의 참정권이 필요한 일을 투표로 결정을 내릴 수 있습니다.

선거는 주민들이 다양한 권리를 이행할 수 있는 [BallotBoxItem] 에서 시작할 수 있습니다.  어떤 [Civic Articles]이 집행되고 있는지에 따라, 권리의 이행에 선거가 필요할 수도, 필요하지 않을 수도 있습니다. 만약 선거가 필요하다면, 즉시 선거를 시작할 수 있습니다.

선거는 [Election Process|Election Processes]에서 정한 방식에 따라 다양한 설정을 할 수 있습니다. 선거에 참여할 수 있는 집단, 거부권의 여부, 선거의 기간, 안건이 통과될 수 있는 찬성의 비율 등을 정할 수 있습니다.  여러 형태의 선거는 각자 다른 목적을 지니고 있습니다. 예를 들어, 정부를 대표하는 이들은 공직자만이 투표할 수 있는 공직자 선거만을 시행할 수 있으며, 반면에 대부분의 주민들은 정부의 대표자를 뽑는 선거만을 시행할 수 있습니다.
190;주민 집단의 여론을 통해서 공직자를 결정하거나, 안건에 대한 국민투표를 시행합니다.
191;행정 업무는 일회성으로 하는 집행이며, 특정 주민 집단 또는 주민 전체에게 즉시 적용할 수 있습니다.
행정 업무는 [ExecutiveOfficeItem]에서 [Civic Action Component]를 이용해 제의할 수 있습니다. 이 집행에는 세 가지의 주요 효과가 있습니다.

 - 특별 [Tax|Taxes] 징수하기
 - 주민에게 [TreasuryItem]에서 자금 대주기
 - 소유하고 있던 [Property]의 소유자 변경하기

시행 중인 [Civic Articles]에 따라, 이러한 집행들은 선거가 필요할 수도 있습니다. [Elected Titles]를 가진 이만 행정 업무를 집행 할 수 있게 하는 몇몇 헌법 조항도 존재합니다.
192;정부의 공직자가 행하는 행정 처분으로, 세금, 부지 등과 관련된 업무를 합니다.
193;'현명한 자들이 정치에 참여하길 거부한다면, 그에 대한 대가는 저질스러운 자들의 정치 아래 살게 되는 것이다.'\n- 플라톤
194;생태계와 경제, 그 사이에서 생존과 번영 모두를 쟁취하려는 주민들에 의해 운영되는 정부가 존재하고 있습니다.
195;    정부는 주민들에 의해 만들어지며, 정부의 권력과 역량이 차근차근 커짐과 동시에 대중들의 힘 또한 같이 커집니다.  정부는 다음과 같이 구성되어 있습니다.
196;[Constitution]정부가 완전히 구성되기 전에 제정할 수 있으며, [CapitolItem]을 이용해 제정할 수 있습니다. 헌법 조항을 통해서 정부의 운영 방향에 관해 결정할 수 있습니다.
197;[Civic Articles]헌법은 정부가 어떻게 기능할지 나열한 헌법조항들로, 누가, 무엇을, 어떻게 할 것인지로 이루어져 있습니다.  [CapitolItem]에서 새로운 헌법을 제정하거나, [AmendmentsItem]를 이용해서 이미 존재하고 있는 헌법에 추가로 개정할 수 있습니다.
198;[Laws]법률은 모든 주민이 무조건 따라야 할 규칙과 절차입니다.  [CourtItem]은 법률을 총 3개까지 유지할 수 있습니다.
199;[Elections]선거는 헌법에서 설정한 대로, 선거가 필요한 안건을 제의할 때 자동으로 시행됩니다. 다음과 같은 경우에 선거가 필요할 수 있습니다 (법률의 개정, 지도자 선출, 행정 업무).
200;[Election Processes]선거 과정을 통해 선거가 어떻게 진행될지 설정할 수 있습니다. 투표권자의 집단과 거부권 행사자, 투표의 기간, 얼마만큼의 득표가 필요한지 등을 설정할 수 있습니다. 선거의 진행은 [BoardOfElectionsItem]에서 세 개까지 가능합니다.
201;[Elected Titles]공직자 직위는 정부에서 특별한 권한을 가진 자리입니다. [GovernmentOfficeItem]당 한 명의 공직자 직위를 뽑을 수 있습니다.
202;[Demographics]인구통계는 특정한 조건에 부합하는 사람을 한 집단으로 묶을 수 있습니다. 해당 집단은 정부와 관련된 부분에서 다양한 방법으로 사용될 수 있습니다.  [CensusBureauItem]에서 인구통계의 구분을 세 개까지 만들 수 있습니다.
203;[Districts]특정 범위의 영역을 설정해 법률 및 그밖에 다른 곳들에서 조건 중 하나로 이용할 수 있습니다.  [ZoningOfficeItem]에서 구역지도를 세 개까지 생성할 수 있습니다.
204;[Executive Actions]행정 업무는 일회성으로 법률을 제정하여 집행해 사회에 변화를 줄 수 있습니다. 헌법에서 권한을(공직자 직위) 부여받은 플레이어가 [ExecutiveOfficeItem]에서 집행할 수 있습니다.
205;  [Ballot Boxes|Civic Action Component]
  투표함을 이용해 선거와 공직 유지와 관련된 선거를 시행 할 수 있습니다.
206;  [Treasury|Treasury Component]
  경제의 다양한 부분에 세금을 도입할 수 있습니다.
207;공공의 이익을 증진을 위해 설계된 제도로 운영되고 있는 기관입니다.
209;법률은 정부가 대중들이 이루고자 하는 목표를 이뤄 세계를 변화시키기 위해 필요한 수단입니다.
법률은 [CourtItem]를 설치해 제정할 수 있고, [Civic Articles]에 따라 해당 법률의 통과에 선거가 필요한지 결정됩니다.  각 법률은 요건과 효과로 이루어진 목록들이 생성되며, 이를 이용해 법률요건에 충족되는 상황이 발생 시, 법률효과가 발생합니다.  이를 통해 법률을 더욱 유연하게 다방면으로 사용할 수 있게 되며, 세금 걷는 법을 규정하는 것부터 자금을 지원하는 것까지, 다양한 분야를 다룰 수 있게 됩니다.

'요건(조건)'의 다양성은 누가 조건을 충족했는지, 어디서 충족했는지 등의  전체적인 상황을 묘사할 수 있습니다. 이 '전체 상황'의 특성은 법률요건의 툴팁에서 확인 가능하며, 이를 통해 데이터를 특정하여 '효과'를 발생시킬 수 있습니다.  예를 들어, 나무를 베는 행동을 한 특정 플레이어에게 세금을 부과하는 법률효과를 발생시킵니다.
210;요건-충족-효과인 인과관계의 규칙은 주민들에 의해 제정되고, 사회적 목표를 달성하기 위하여 자동으로 시행됩니다.
211;주민들의 이익을 위해, 또는  적어도 정부의 자금난을 막기 위해, Eco의 세계에선 다양한 활동에 세금이 부과될 수 있습니다.
국고적 세금
[TreasuryItem]에서, 다음과 같이 다양한 활동에 세금을 부과 할 수 있습니다.
 - 판매세.  상점을 통해 물품을 거래할 때 세금이 부과됩니다.
 - 작업대 사용세. 자신이 소유하고 있는 작업대를 이용하게 해주어 요금을 부과합니다.
 - 계약자세. 계약과 동업 계약에 성공해 얻은 자금에서 세금이 부과됩니다.
 - 직접 양도세. 플레이어가 다른 플레이어에게 자금을 양도할 시 세금이 부과됩니다.
 - 자기 양도세. 플레이어에게 권한이 있는 다른 계좌에 자금을 옮길 경우 세금이 부과됩니다 (탈세를 방지하기 위해 설정할 수 있습니다).

[Elected Title|Elected Titles]를 가지고 있는 주민만이 '국고에서의 세금 비율 설정'의 권한이 부여됩니다.  설정해둔 모든 세금은 특수한 '국고' 계좌에 입금되도록 설정되어 있습니다.  국고의 특수한 기능을 이용하여 '국고' 계좌의 자금을 다른 계좌에 할당할 수 있습니다.

법적 세금
세금은 [Laws]을 통해서도 부과할 수 있으며, 부과 금액과 세금 보관 계좌는 유동적으로 변경할 수 있습니다. 세금을 보관할 계좌를 직접 설정할 수 있어, 그렇게 모인 자금을 특정한 주민에게 지급할 수 있으며, 해당 계좌는 권한을 가진 플레이어만이 접근 할 수 있습니다. 법률 제도를 이용한 세금은 특별한 목적을 위해 부과하는 것으로, 이는 상황에 따라 조절될 수 있습니다.

이에 관한 예시로, 공직자 직위인 '운수부 장관'의 직위를 가진 주민이 사용할 수 있도록 운수부를 위한 단독 [Bank Account|Bank Accounts]를 개설할 수 있습니다.  그 이후 연료의 생산 및 거래와 관련된 조세 법률을 제정해, 이를 통해 거두어진 세금을 운수부 자금으로 사용해, 선출된 운수부 장관이 이를 사업 자금으로 사용해 [Work Parties]으로 새로운 도로 공사를 실시 할 수 있게 됩니다.
212;경제 활동으로 인해 거두어진 세금을 이용해 공공사업에 자금을 지원해 도와주듯이, 경제적인 활동을 장려하거나, 저해 할 수 있습니다.
213;직위는 플레이어들을 기준에 따라 나눈 집단으로, 권한을 부여할 때 선택할 집단으로 사용할 수 있습니다.  이는 [Demographics]과는 다른 개념입니다. 직위는 주민들이 직접 지정한 집단이지만, [Demographics]은 조건에 충족하는 주민들을 집단에 자동으로 포함시킴으로, 이와 같은 차이점이 있습니다.
직위에는 다음과 같은 두 가지의 형태가 있습니다.

 - 일반 직위. 이 직위는 [RegistrarItem]에서 누구나 생성하고 관리할 수 있습니다.  이 곳에서, 직위를 만든 주민은 상대방에게 직위의 역할을 맡기고 관리하는 (관리자)의 역할을 부여할 수 있습니다.
 - 공직자 직위. 이 직위는 [GovernmentOfficeItem]에서 생성할 수 있으며 선거(또는 임명)를 통해 해당 직위를 받을 수 있습니다. 정부 부서의 기능을 통해서 주어진 직위에 어떤 종류의 [Election]가 필요한지 결정하게 됩니다.  직위의 소유자가 해임당하거나, 소유자가 사임할 경우(두 경우 모두 [BallotBoxItem]를 통해 이루어집니다), 또는 정해진 기간을 다 채웠을 때 직위가 해제됩니다.

공직자 직위는 세계를 통치하는 데 있어 다양한 유연함을 제공하며, 그 직위만의 특권은 계좌 자체에 묶이게 됩니다. 그 예시로, 운송수단을 이용하는 데에 세금을 부과하는 법률이 제정한 후, 거두어들인 세금은 '운송부 장관'만이 접근할 수 있는 계좌로 이동합니다. 이후 해당 직위의 선거가 시행되고 임명자가 바뀌게 된다면, 전 직위의 소유자는 해당 계좌에 접근할 수 있는 특권이 사라져 버리게 되는 것입니다.

공직자 직위의 조건을 설정함으로써, 주민이 자식의 직무를 수행하는 것을 보장해 좋은 정치를 이어나갈 수 있게 됩니다. 그 예시로,  모든 직위의 조건에 '활동적임' 인구 계층의 조건을 붙임으로써, 직위를 가지고 있는 사람들이 계속 접속하여 직무를 수행할 수 있게 됩니다. 이후, 만약 직위 소유자가 접속하지 않는 비활동 상태로 바뀐다면 자동으로 직위에서 해제되며, 후계로 명시된 인물이 해당 직위에 들어가게 됩니다.

또한, 직위 소유자에게는 급여를 지급할 수 있습니다. 급여는 주민이 직무를 지속적으로 수행한다면(급여 지급자가 자금이 충분할 경우에) 정기적으로 지급 됩니다.
214;직위는 다수의 주민이 소유할 수 있습니다.  권한을 부여하거나 급여를 지급하는 데에 사용됩니다.
215;주민들은 주거지 없이는 번영에 다가갈 수 없습니다, 또한 [Nutrition] 수치와 더불어 하우징 수치는 플레이어의 [Experience] 배율을 결정합니다.  주거지의 재료 등급이 높을수록, 가구의 종류가 더 다양할수록, 경험치의 배율 또한 높아집니다.
추가로, 구조물들을 작동시키기 위해 주거지와 조건을 갖춰야 합니다. 하우징 시스템은 다음과 같은 부분들로 이루어져 있습니다.
 - [Rooms]. 방은 완벽한 공간의 형태를 띄어야 하며, 대부분의 구조물은 방 안에 설치되어야만 작동하는 조건이 있습니다 .
 - [Property]. 주민들은 일정 범위의 땅을 소유하여, 해당 부지를 자신만의 땅으로 만들 수 있습니다.
 - [Power]. 다양한 물품들은 작동하기 위해선 에너지가 필요하며, 생산한 에너지는 다른 주민들과 공유할 수 있습니다.
 - [Sewage].  일부 물품들은 파이프와 펌프, 그리고 폐수 처리 시설을 필요로 합니다.
216;하우징(식단을 포함하여)은 스킬 포인트의 획득 비율을 결정합니다.
217;다양한 구조물들을 작동시키기 위해선 에너지가 필요합니다, 그리고 사회가 발전해 감에 따라 에너지의 종류 또한 다양해집니다.
게임의 초반부, 대부분의 에너지는 주민들의 칼로리 소모를 통해 만들어낼 수 있습니다.  그 다음 단계로는, [Waterwheels|Waterwheel Item]와 같이 근처에 있는 구조물에만 전력을 보낼 수 있는 전력 생산 구조물을 설치할 수 있습니다.  에너지 생산 기술의 단계가 전력까지 도달하게 된다면, 전 구역을 지탱할 수 있는 에너지를 생산할 수 있게 되어, 모두가 에너지 공급원을 마련할 필요 없이, 서로가 협력하여 도시와 마을에 전력을 공급하는 에너지 단지를 만들 수 있습니다. (이와 같은 대규모 작업의 경우, 자금을 모으기 위한 [Taxes] 시스템과 건축을 위해 [Contracts]과 [Work Parties]을 이용하는 게 유용합니다).

에너지를 생산하는 시설의 종류는 다양하기에, 해당 시설마다 사용하는 연료와, 환경에 미치는 영향 또한 각자 다릅니다.  기술의 발전과 더불어, 에너지 생산 시설의 건설, 연료 공급, 시설 운영 등은 [Pollution]의 주요한 원인이 되며, 그렇기에 주민들은 사용되는 에너지의 종류를 규제하고 오염을 관리하는 법을 통해 생태계에 다가오는 참사를 막아야만 할 것입니다.
218;다양한 구조물은 작동시키기 위해서는, 다양한 방법으로 생산해낸 에너지가 필요합니다.
219;    부지의 소유권을 주장하여, 주민들은 자신의 부지를 보호할 수 있고, 상대방에게 부지를 이용할 수 있는 권한과 부지 안의 구조물들을 사용할 수 있는 권한을 설정할 수 있습니다.
220;토지 소유 권리
221;  소유되어있지 않은 땅 위에서 [Land Claim Stake|Property Tool Item]을 이용해 사유지로 설정할 수 있습니다.  사용할 장소를 결정했다면, [Land Claim Paper|Property Claim Item]을 소모하여, 해당 부지의 증서를 소유하게 됩니다. 화면 오른쪽 아래의 세계지도 왼편에 나타나는 부지의 이름을 클릭해, 현재 자신의 위치에 해당하는 부지 주인의 증서를 확인할 수 있습니다.
222;구조물 소유 권리
223;구조물에는 구조물이 위치한 부지의 소유와는 별개로, 개인 부지의 구조물을 사용하고자 하는 이에게 권한을 설정해줄 수 있습니다.  이 설정은 [Authorization Component]를 통해 지정할 수 있습니다.
224;증서
225;증서 창에선, 주민들은 상대방에게 땅의 이용(블럭을 설치하거나 제거할 수 있는) 권한을 추가하거나 제거할 수 있습니다.  소유자는 자신의 이름 옆 톱니바퀴를 클릭해 소유 권한을 넘길 수 있습니다.  증서에서 [Elected Titles]를 포함해 [Demographics]과 [Titles]를 대상으로도 양도가 가능합니다. 이 방법으로 정부의 구조를 구축하려면 선출된 직위의 소유자가 해당 부지에 권한을 가지고 있어야만 합니다.
226;주민과 정부는 부지를 소유할 수 있으며, 그 부지의 권한에 대해 설정할 수 있습니다.
227;방은 외부 요소들로부터 보호할 수 있도록, 외부와 맞닿아 있는 모든 부분이 벽, 문, 창문으로 이루어져 있는 밀폐된 구역입니다.
방의 정보를 보고 싶은 방 안에 들어가, 화면 오른쪽 지도 옆 정보를 통해 확인할 수 있습니다. 대부분의 구조물은 방 안에 설치되어야 하는 조건이 있고, 설치하게 된다면 일정한 공간을 차지하게 되며, 구조물의 조건에 맞는 특정한 단계 이상의 재료로 방이 지어져야 합니다. 방을 이루는 재료의 단계에 따라 하우징 수치에도 영향을 미칩니다.  이 말은 즉, 벽돌로 지은 집은 흙더미로 쌓아 올린 집보다 다방면으로 더욱 도움이 된다는 뜻입니다.


가구와 방의 종류
부지를 소유권을 주장하고 그 부지에 건물(방)을 세워, 접속 중이 아니더라도 지속되는 경험치 배율 효과를 획득할 수 있습니다.  다른 유형의 방을 추가로 건설하고 가구를 들여놓아서 해당 경험치 효과를 증가시킬 수 있습니다.  가구의 종류에 따라 화장실, 침실, 부엌 또는 거실로, 방의 유형이 결정됩니다 (물품의 툴팁에 종류가 표기되어 있습니다).  방 안에 설치된 가구의 유형 수치 중 가장 높은 종류를 따라 방의 유형이 결정됩니다. 방의 유형을 결정하는 유형 수치는 각 방 안에 있는 가구들의 수치의 총합으로 계산됩니다.

방 안의 가구가 중복되거나, 같은 유형의 방이 중복될 경우 집에서 획득하는 하우징 수치가 수확 체감을 가지게 됩니다. 이 효과는, 중복되더라도 수치가 오르는 건 변함 없지만, 처음 올랐던 수치보다 더욱 낮은 수치를 얻게 될 것입니다.   수확 체감의 효과로 인해 중복될수록 결국 획득하는 수치는 극도로 낮아져, 가구나 방을 추가하는 것이 더 이상 의미가 없어지게 될 것입니다.  그 예시로, 12번째 화장실을 설치하게 된다면 처음 건설했던 화장실로 올라간 수치보다 더욱 낮아진 하우징 수치를 획득하게 될 것입니다.

방을 이루는 재료의 단계
재료의 단계의 평균 값 또한 하우징 수치를 결정하는 데 영향을 미치는데, 이는 경험치 배율(하우징)의 상한선과 관련되어 있습니다.  방의 수치가 재료에 따른 상한선을 넘어버린 경우, 이 또한 수확 체감으로 인해 오르게 되는 하우징(경험치 배율) 수치의 값이 낮아집니다.  이러한 현상이 일어난다면, 방을 이루는 재료의 종류를 바꿀 때가 되었다는 뜻입니다.
228;방은 당신과 당신이 가지고 있는 장치들을 외부 요소로부터 지켜주며, 경험치 획득 배율 수치가 올라가며, 장치들을 작동 할 수 있게 됩니다.
229;다양한 산업 구조물과 하우징에 관련된 구조물들은 작동을 위해선 하수 시스템이 필요합니다.  일반적으로, 해당 시스템은 물이 들어올 지점과 하수가 나올 지점이 필요합니다.  모든 구조물에는 하수 처리에 사용되는 [Pipe Component]를 가지고 있습니다.

하수 시스템은 [MechanicalWaterPumpItem] 또는 [ElectricWaterPumpItem]를 수원에 설치하여, 물 공급이 필요한 구조물과 파이프를 연결해 물을 공급합니다. 그 반대 부분, 구조물이 하수를 배출하는 부분을 파이프로 연결해 하수를 흘려보내서, 바깥으로 배출하거나(하수의 배출 지점에서 [Pollution]이 발생합니다), [Waster Filter|WasteFilterItem]를 지나가게 해 하수에서 퇴비를 생산해 낼 수 있습니다.

파이프는 같은 종류의 파이프와 근접하게 되면 자동으로 연결됩니다.  가까운 거리에 있는 하수 시스템끼리 얽히지 않게 하려면, 다른 재료로 이루어진 파이프를 사용하십시오.
230;일부 물품들은 물을 공급하고 하수를 배출하기 위한 하수 시스템이 필요합니다.
231;산업과 관련된 요소입니다.
232;Eco의 세계에서 획득하게 되는 경험치는 새로운 특성과 특성의 하위 목록인 효과를 잠금 해제할 수 있습니다. 획득하게 되는 경험치의 종류는 캐릭터 경험치와 특성 경험치 두 가지로 이루어져 있습니다.  두 가지의 항목 모두 경험치 배율의 효과를 적용받습니다.
캐릭터 레벨
캐릭터 레벨은 얼마만큼의 특성을 배울 수 있는가를 확인하는 지표로, 지식과 그에 따른 효과를 획득할 수 있는 수치를 나타냅니다.  이 경험치는 접속 중이 아니더라도 꾸준히 올라갑니다.  실제 시간으로 하루가 지날 때마다, 올라가는 기본 수치인 1에, 경험치 배율을 곱한 값이 올라갑니다.  경험치가 가득 차 레벨이 오르게 된다면 별 하나를 얻게 되는데, 이 별을 사용하여 새로운 특성을 하나 잠금 해제할 수 있습니다.  레벨업을 할 때마다 필요한 경험치의 양이 증가하게 되어, 일정한 수 이상의 특성을 가지는 것은 매우 어려울 것입니다.

특성 레벨
특성 레벨은 특수한 효과를 가진 기술의 숙련 수치를 나타내며, 특성 레벨은 꾸준히 올라가는 것이 아닌, 제작이나 노동력을 사용하는 것과 같이, 특성과 관련된 행동을 하게 된다면 올라갑니다.  캐릭터 레벨과 비슷하게, 특성 레벨 또한 경험치 배율의 효과를 받습니다. 화면의 왼쪽 아래에, 특정 행동을 통해 얻게 되는 경험치를 확인할 수 있는 아이콘이 있으며, 그 창 위에 마우스를 올려두면 특성을 레벨업 시키기 위해 필요한 경험치의 양을 확인할 수 있습니다.
이후, 일정 레벨에서 재능을 선택할 수 있게 되는데, 이는 해당 기술과 관련된 특정한 효과를 추가로 획득할 수 있는 기능입니다.

경험치 배율 효과
경험치 배율 효과 (또는 XP 배율)은 개인마다 다르게 적용되는 수치로, 건강 및 보조 시스템으로 표시되고 있으며, 이를 통해 얼마만큼 더 빠르게 새로운 기술을 배울 수 있는지 확인할 수 있습니다.  이 수치는 [Nutrition] 시스템의 수치와 [Housing|Housing Overview] 시스템 수치를 합한 값으로 결정됩니다.  캐릭터와 특성 레벨에 상당한 영향을 끼치기 때문에, 영양소를 고르게 유지하면서 가구를 이용해 집을 잘 꾸며서 수치를 높게 유지를 해야 할 것입니다.
233;Eco의 세계에는, 캐릭터 레벨 경험치 (영양소 균형을 맞추고 하우징으로 추가 획득 가능)와 특성 레벨 경험치 (특성과 관련된 행동을 통해 획득) 총 두 가지 종류의 경험치가 존재합니다.
234;레벨의 [Experience]는 영양소의 균형을 맞추거나, [Housing|Housing Overview]을 통해 올릴 수 있는데, 균형 잡힌 음식으로 식사를 한다면 [Experience]를 더욱 많이 얻게 될 것입니다.  당신의 몸이 건강해질수록, 발전의 속도 또한 빨라질 것입니다.

Eco의 음식은, 단백질, 지방, 비타민, 탄수화물 총 네 가지의 영양소로 이루어져 있습니다.  24시간 동안 먹은 음식에 포함된 네 가지 영양소의 평균치를 계산해, 경험치 배율이 결정됩니다.   예를 들어, 열량은 높지만, 영양소가 부실한 음식을 먹게 된다면 이 음식이 소화되는 24시간 동안 경험치 배율에 영향을 미치게 될 것입니다.

추가로, 영양소 균형 배율이 적용되고 나서, 몸속에 있는 영양소의 총비율에 따라 0% - 50%이 추가 적용됩니다. 예를 들어, 모든 영양소가 25%로 균형을 이루게 된다면, 50%의 추가 경험치를 얻게 될 것입니다.

그리고 서버의 난이도 설정에 따라, '경험치 획득 배율'이 기존보다 더욱더 높게 설정될 수 있습니다.

마지막으로, 기본적으로 획득하는 경험치 획득량은 항상 총량에 포함되어 있습니다. 이 말은 곧, 당신이 완전히 굶주려 있는 상태이더라도, 기본적으로 경험치는 오를 것이라는 겁니다.  이 경험치의 계산 값은 화면 왼쪽 아래 UI의 영양소 부분 툴팁으로 확인할 수 있습니다.

칼로리
칼로리는 영양소와는 달리, 작업을 할 때 소모되며, 칼로리를 모두 소모하게 된다면 음식을 더 먹기 전에는 작업을 할 수 없게 됩니다.  칼로리 소모량은 더 높은 단계의 도구를 사용하거나 기술의 레벨을 높여 소모량을 줄일 수 있습니다.
모든 음식에는 영양소와 칼로리가 포함되어 있으며, 칼로리를 위해 음식을 먹을 때도 경험치 배율에 영향을 미치게 될 테니, 영양소 또한 눈여겨보아야 할 것입니다.
235;영양소와 하우징 시스템은, 경험치의 획득 속도를 결정합니다.
236;번영하는 경제의 중심 요소는 바로 거래와 특성의 전문화이며, 이를 잘 이용한다면 모든 부분에서 자급자족하려는 것보다 더욱 효율적으로 작업할 수 있을 것입니다.  완벽한 사회를 만드는 것은 바로 그 두 가지 요소에 달려있습니다.
 기술을 통해 주민은 특별한 효과와 자신만의 특성을 개발 할 수 있는데, 이를 이용해 경제 활동을 할 때 다른 기술을 가진 주민과 더욱 효과적으로 [Trade]를 할 수 있습니다. [Experience]를 획득하여, 가지고 있는 특성의 레벨을 올리거나 새로운 [Specialties]을 해금할 수 있습니다.  경험치 배율 효과는 [Nutrition] 시스템과 [Housing|Housing Overview] 시스템을 통해 얻을 수 있습니다.
237;기술 시스템을 이용해 주민들이 기술과 관련된 거래를 더욱 전문적으로 하도록 도와줍니다.
238;    특성은 [Experience]를 올려 캐릭터 레벨을 올려 해금할 수 있습니다.  특성(별 모양 아이콘)을 해금할 때마다 사용할 수 있는 새로운 효과가 생겨납니다.

전문직과 특성
[Professions|Profession Overview]은 기술들을 간단히 분류해둔 것으로, 비슷한 성격의 기술을 한데 묶어놓은 것 이외에 아무런 기능은 없습니다.
특성은 해당 전문직 탭의 하위 목록으로, 이를 해금하기 위해선 다음과 같은 두 가지 조건이 필요합니다.

1. 먼저, 기술 두루마리를 사용해야 합니다.
2. 그다음, 별을 사용해 특성을 해금해야 합니다.

처음 특성을 해금하게 되면, 기본적인 수준의 효과를 획득하게 될 것입니다. 특성과 관련된 행동을 하면 해당 특성의 [Experience]를 획득하게 되는데, 이후 특성의 레벨을 올려 새로운 효과를 해금할 수 있습니다.
캐릭터의 특성을 선택하는 화면에서 다른 주민들은 어떤 특성을 선택했는지 확인할 수 있는데, 이를 참고해 다른 플레이어가 선택하지 않은 특성이나, 레벨 평균이 낮은 특성을 선택하는 것이 도움 될 것입니다. 그렇게 선택한 특성은 다른 특성을 가진 플레이어와 [Trade]를 할 때 더욱더 많은 수익을 낼 수 있게 됩니다.
239;특성은 캐릭터 레벨을 올려 획득할 수 있으며, 특성마다 고유한 효과를 해금 할 수 있습니다.
240;음식은 하우징과 더불어 기술을 획득하는데 필수적인 요소입니다.
241;목수는 나무를 이용한 모든 작업을 전문적으로 다룰 수 있습니다.
 - [LoggingSkill]은 칼로리를 적게 소모하며 빠르게 나무를 벨 수 있게 되며, 추가로 이 특성은 목수 전문직이 만들 수 있는 기초적인 건설 자재인 [HewnLogItem]를 제작하는 데에 사용됩니다.
 - [CarpentrySkill]은 나무로 된 가구와 [Boards|Board Item]을 제작할 수 있게 됩니다. 주민들은 해당 특성과 [SawmillItem]를 이용하여,  [LumberItem]와 더욱 높은 질의 가구를 제작할 수 있습니다.
 - [CompositesSkill]은 더욱 발전한 기술을 이용해 최고의 품질의 나무 건축 자재를 제작할 수 있게 됩니다.
 - [PaperMillingSkill]은 목재 펄프를 이용해 [PaperItem]로 가공할 수 있게 됩니다. 종이는 몇몇 특별한 가구에 이용됩니다.
242;목공사는 나무를 이용한 모든 작업을 전문적으로 다룰 수 있습니다.
243;요리사는 질 높은 음식을 요리하여 주민들의 경험치 획득 속도를 더욱 높여줄 수 있습니다. 사냥꾼과 농부로부터 재료를 받아, 요리사는 영양소가 풍부한 음식을 만들어 냅니다. 기술이 발전함에 따라, 요리사 특성을 가진 주민들도 차차 더욱 높은 수준의 음식을 만들어 갈 수 있습니다.
 - [CampfireCookingSkill]은 기초적인 수준의 요리사 특성으로, [CampfireItem]를 이용해 요리사가 없던 상태에서 음식을 불에 그슬리는 것보단 더 나은 식사를 만들어 냅니다.
 - [CookingSkill]은 요리사 전문직 중 두 번째 단계로, [CastIronStoveItem]을 이용해 더욱 질 높은 음식을 생산합니다.
 - [BakingSkill]은 요리를 대체하는 기술로, [FlourItem]를 이용해 관련 물품을 생산합니다.
 - [AdvancedCookingSkill]은 고급 수준의 기술을 구사하는 요리사 특성으로, 가장 높은 단계의 음식을 생산합니다.
 - [AdvancedBakingSkill]은 고급 요리 기술을 대체하는 기술로, [YeastItem]를 이용한 [LeavenedDoughItem]을 이용해 높은 수준의 관련 물품을 생산합니다.
244;요리사는 주민들이 경험치를 더욱 빨리 획득할 수 있는 질 높은 음식을 요리합니다.
245;엔지니어는 다른 전문직이 생산해낸 물품들을 이용해 기술적인 진보를 이루어냅니다. 운송수단을 만들어서 더욱더 많은 양을 한 번에 거래할 수 있게 되고, 주민들이 일을 더욱 효율적으로 할 수 있게 됩니다. 전용 작업대를 만들어 주민들이 자신의 특성에 맞는 성능이 우수한 물품들을 만들 수 있습니다. 엔지니어의 제작 물품에 필요한 재료는 다른 직업이 생산하는 물품들이 대부분이기에, 엔지니어가 되기 위해서는 다른 주민들과의 잦은 교류가 필수적입니다.
-[BasicEngineeringSkill]은 운송에 도움을 주는 도로와 수레를 제작할 수 있습니다. 그것 이외에도, 기초 기계공학 기술은  광석을 녹이고 정제할 수 있는 작업대를 만들 수 있습니다.
-[MechanicsSkill]는 [SteamTruckItem]과 같은 기본적인 엔진이 달린 운송수단을 제작할 수 있습니다. 또한 기계 정비 기술은 산업 발전으로 향하는 첫 번째 요소인 전력을 생산할 수 있습니다.
-[IndustrySkill]은 [ExcavatorItem]와 같이, 자원을 대량으로 빠르게 수확할 수 있는 고급 운송수단을 제작할 수 있습니다.
-[OilDrillingSkill]은 [PumpJackItem]를 이용해서 산업용 재료이며, 연료로도 쓰이는 [PetroleumItem]를 채취할 수 있습니다.
-[ElectronicsSkill]은 엔지니어의 특성 중 최상위 단계로 귀중한 재료들을 이용해 현대식 제작 작업에 필요한 물품들을 생산할 수 있습니다. 이외에도 친환경 발전을 위한 재료들을 생산할 수 있으며, 전자 공학 기술은 세계로 떨어지는 운석을 막기 위한 구조물인 [LaserItem]를 제작하는 데 필요합니다.
246;엔지니어는 운송수단과 함께 다른 주민들의 재료가 되는 고급 물품을 생산하는 발명의 대가입니다.
247;    농부는 농업의 전문가입니다. 농부가 생산하는 농산물은 주민들이 행동에 필요한 칼로리(음식)의 주요 재료입니다.

 - [FarmingSkill]을 통해 씨앗을 만들어 낼 수 있는 제작법을 배워, 넓은 농장을 만드는 데 도움을 줍니다.
 - [FertilizersSkill]을 통해 토양에 영양분을 공급할 수 있고, [SoilSamplerItem]를 이용해 토양의 상태를 확인할 수 있습니다.
 - [GatheringSkill]을 통해 야생 식물과 농장에서 재배한 식물 모두 더 많이 수확할 수 있게 됩니다.
 - [MillingSkill]의 [MillItem] 가공 기능을 이용해, 요리사의 고급 제조법에 사용되는 물품을 생산합니다.
248;농부는 농업의 전문가입니다.
249;    사냥꾼은 동물을 효율적으로 사냥하며, 요리사가 사용할 육류를 가공하는 것의 대가입니다. 두 가지의 종류의 사냥꾼 특성은 사냥한 후 꼭 가공을 거쳐야지만 요리사가 재료로써 사용할 수 있기 때문에 매우 밀접한 연관을 가지고 있습니다.

 - [ButcherySkill]로 동물의 사체를 도축해, 요리사가 요리의 재료로 사용할 수 있는 육류로 가공할 수 있습니다. 사체의 가죽과 털은 옷가지를 제작하거나 다른 제작 물품을 생산할 수 있습니다.
 -[HuntingSkill]은 동물을 사냥할 때 추가 데미지를 입힐 수 있으며, 동물들이 달아나지 않도록 조용히 다가갈 수 있는 법을 배울 수 있습니다.
250;사냥꾼은 동물 사냥과 요리사의 재료인 육류를 가공하는 것의 대가입니다.
251;석공은 채광과 석재를 다루는 기술의 대가입니다. 집을 위한 자재와 가구의 중요한 부분을 담당합니다. 석공이 채취하는 광석은 대장장이가 제련하여 금속 주괴로 만드는 데에 사용됩니다.
 -[MiningSkill]은 주민이 돌과 광석을 캘 때 칼로리 소모를 낮춰줍니다. 또한, 석공은 채취한 광석으로 제련 작업을 하기 전 필요한 작업인 정광 작업을 할 수 있습니다.
 -[MasonrySkill]을 이용해, 대부분의 석자재의 기본 재료인 [MortarItem]를 생산할 수 있게 됩니다. 석공이 생산하는 [MortaredStoneItem]는 게임 초반 집을 짓는 데에 뛰어난  재료가 되어줍니다.
 -[PotterySkill]을 통해 [ClayItem]를 재료로 사용해 가구와 자재의 재료인 [BrickItem]을 제작할 수 있게 됩니다.
 -[GlassworkingSkill]을 통해 [GlassItem]를 제작할 수 있고, 이를 이용해 [FramedGlassItem]을 제작할 수 있습니다. 유리는 건축 자재를 보조하는 물품으로, 산업용 재료로도 쓰입니다.
 -[AdvancedMasonrySkill]은 석공 기술의 최상위 단계로, 건축 자재와 가구를 만드는 재료 중 가장 질이 뛰어난 각진 석재를 생산할 수 있습니다.
252;석공은 채광과 석재를 다루는 기술의 대가입니다.
253;전문직은 [Specialties]과 비슷한 성격의 분류로, 새로운 제작법을 해금하고, 관련 도구를 사용할 때 소모되는 칼로리 감소 효과 등을 얻을 수 있습니다. 각 전문직의 하위 목록에는 비슷한 성격의 특성들이 모여있습니다.
모든 전문직의 목록에는 그에 해당하는 특성들이 있습니다. 주민들은 하나의 전문직에 집중할 것인지, 다양한 전문직의 특성들을 배울 것인지 선택할 수 있습니다.
254;전문직을 통해 주민들은 특별한 효과를 얻고 관련 특수 물품들을 제작할 수 있는 효과를 획득합니다.
255;대장장이는 정광 과정을 거친 광석을 제련하여 다양한 방면에 쓰이는 금속 주괴를 만들 수 있습니다. 또한, 주민들이 더욱 생산적으로 일을 하도록 도와주는 뛰어난 도구들을 제작할 수 있습니다.  
- [SmeltingSkill]을 이용해 기술적인 발전의 기반이 되어주는 금속 주괴를 만들 수 있습니다. 대장장이가 만든 철 도구는 게임 초반 돌로 된 도구보다 상당한 이점이 있습니다.
- [AdvancedSmeltingSkill]을 이용해 철 주괴에서 한 번 더 제련하여, 건축 자재 중 가장 높은 단계이며 산업 관련 물품에 사용되는 재료인 [Steel|SteelBarItem]를 만들 수 있습니다. 또한 해당 특성을 가진 주민은, 기본 제련 기술로 만들 수 있는 철 도구보다 한 단계 더 좋은 현대식 도구를 만들 수 있습니다.
256;대장장이는 광석을 제련해 금속 주괴로 만들고 더욱 발전된 도구를 제작할 수 있습니다.
257;Eco의 세계의 모든 주민은 생존 전문가 특성을 가지고 있습니다.
[SelfImprovementSkill]의 경험치는 주민이 다른 특성을 레벨 업 시켰을 때 오르게 됩니다. 자기 개선에는 두 가지 주요 효과가 있습니다. 이는 주민이 성장해 가면서, 자신이 들 수 있는 무게의 한계가 늘어나고 위장의 크기가 늘어나 더 많은 칼로리를 비축할 수 있습니다. 또한, 망치, 삽, 착암기를 사용할 때 소모하는 칼로리의 양이 줄어듭니다.
258;생존 전문가는 기본적인 도구를 사용할 때 소모되는 칼로리의 양이 줄어들고, 무게의 한도가 늘어납니다.
259;재단사는 다른 주민들을 위해 천을 이용해 옷가지를 만들고 높은 등급의 가구를 제작합니다. 다른 전문직과는 달리, 재단사 전문직은 하나의 특성만을 가지고 있습니다.
[TailoringSkill]을 통해 제작한 [ClothItem]은 재단사의 다양한 제작 물품에 사용됩니다. 재단사가 제작한 옷은 특별한 효과를 지니고 있습니다. 예를 들어, [BigBackpackItem]의 경우 처음 시작할 때 받는 [BasicBackpackItem]보다 더 큰 용량을 가지고 있습니다.
260;재단사는 천을 이용해 여러 옷가지를 만들고, 다른 주민들을 위해 높은 등급의 가구를 제작할 수 있습니다.
261;운송수단 요소를 포함하고 있는 모든 구조물은  탑승할 수 있고, 다양한 방법으로 상호작용 할 수 있으며, 몇 가지의 특수 효과가 있습니다.
대부분의 운송수단은 작동하기 위해 [Power|Power Component]를 필요로 하며 자신만의 [Storage|Storage Component]를 가지고 있습니다. 세계에 인프라를 구축하게 된다면, 도로를 이동할 수단인 운송수단이 늘어날 테니 [Transport]의 유연성 또한 크게 향상될 것입니다.
262;  -  운송수단: [WoodCartItem]와 같은 운송수단은 물품과 사람들을 이곳저곳으로 옮길 수 있습니다. 기술이 발전해감에 따라 운송수단이 발전하면서, 더욱더 빠른 이동속도와 높은 수송능력을 얻게 되지만, 그 대가로 오염이 발생할 것입니다

-  굴착: [ExcavatorItem]와 [SkidSteerItem]는 대량의 흙과 돌을 빠르게 채굴할 수 있습니다. 이것들을 이용한다면 새로운 건설 작업을 위해 일정 범위의 지반을 다지는 [Mining]의 속도가 크게 향상될 것입니다.

- 건설: [CraneItem]은 대형 [Building] 작업에서 뛰어난 효과를 나타냅니다. 크레인을 이용한다면 망치를 가지고 건설하는 주민보다 더욱더 넓은 범위를 수용할 수 있으며, 넓은 크기의 보관함을 가지고 있습니다.
264;운송수단은 다양한 종류의 작업을 처리하는 데 사용됩니다.
265;Eco의 세계에선, 야생에 떨어진 플레이어는 우선 주변에서 먹을 것을 찾아야만 합니다. 이 때, 수확할 수 있는 식물들은 주변에서 꾸준히 자라납니다. 야생에서 얻을 수 있는 이러한 식용 자원들은 스스로 다시 자라나지만, 남용하게 된다면 이 생태계는 빠르게 무너져 내릴 것입니다. 특수한 몇 가지의 식물들은 화합물의 성분을 가지고 있거나, 직물이나 옷을 만드는 데 필요한 성분을 가지고 있어, 그냥 섭취하는 것 이외의 특수한 사용법을 가지고 있는 몇 가지 식물들도 존재합니다.

모든 식물은 각자의 채취 방법이 있어, 삽을 이용하거나, 낫을 이용해 채취할 수 있습니다. 이 방법 이외의 대부분의 식물은 도구 없이 손으로 채취할 수도 있습니다. 이런 방식으로 채취한 식물 중에는 채취되고 나서 그대로 죽어버리거나, 과실을 따고 나서도 계속해서 자라나는 식물들이 있습니다.
266;생태계의 동물과 식물은 인간에게 생존의 수단이 되어줍니다.
267;동물 종은 Eco의 세계에 사는 생물들로 자원으로써 사용되는 장소가 매우 다양합니다. 몇몇 종은 완벽한 식재료가 되는 고기와 우유를 생산하고, 그 외에 유용한 부산물인 털, 가죽, 동물 기름, 뼛가루들 또한 채취할 수 있습니다. 하지만 이런 동물 종의 재생력과 적응력에 따라 개체군의 수와 서식지의 변화 그리고 동물들이 먹는 것 등 많은 것들이 상황에 따라 달라집니다.

다양한 종류의 덫을 이용하거나 직접 도구를 이용하는 사냥이라는 수단을 통해, 생태계에서 살고있는 동물에게서 직접 재료를 채취할 수 있습니다. 사냥함 으로써 동물의 개체 수를 조절하거나 과도하게 늘어난 동물들을 줄일 수 있습니다. 사냥은 거대한 사회의 일원들의 식욕을 충족시키기 위함으로, 플레이어에게 있어 중요하긴 하지만 필수적인 수단은 아닙니다.

동물을 사냥하는 것은 많은 것들을 생산하기 위해 필요한 수단 중 가장 기본적인 단계입니다. 도축을 통해 다양한 동물의 산물을 채취하거나 사용할 수 있습니다.  동물과 그에게서 얻은 산물을 요리사나 재단사와 같은 전문직과의 협업을 통해서 영양적으로, 산업적으로, 더 나아가 문화적으로 이용할 수 있기 때문에, 사냥만 해서 모든 것을 얻을 수 있는 것은 아닙니다. 그렇지만, 특정 동물의 산물이 현재의 경제에서 귀중한 가치를 가지게 된다면, 무분별한 사냥으로 인해 해당 종이 멸종할 수도 있기에 더욱 주의를 기울여야 합니다. 특히, 산물의 가치가 점점 더 상승할수록 해당 개체의 수요 또한 늘어나기 때문에 사냥은 종종 멸종의 결정적인 요인이 되기도 합니다.

사냥을 시작하기 위해선, 우선 [WoodenBowItem]과 [Arrows|Arrow Item]를 준비해야 합니다. 더욱더 높은 단계의 활 일수록 사냥하려는 대상을 더욱더 빠르게 처리할 수 있습니다. 이를 이용해, 화살을 잘 맞춰 동물을 빠른 시간에 처리한다면 하루에 수확할 수 있는 동물의 양 또한 늘어날 것입니다.
268;생태계의 동물과 식물은 인간이 살아남을 수 있는 수단이 되어줍니다.
269;게임의 시작을 도와주는 에코피디아의 가이드입니다.
270;    기본적인 욕구를 충족시킬 수 있게 되었다면, 이젠 사회를 구성하는 작업에 기여해야 할 차례이며, 당신의 전문직이 이를 도울 수 있습니다.
271;
전문직마다 특별한 효과를 해금할 수 있는 [Specialties]이 여럿 존재합니다. 주민들은 각자 제한된 개수만큼의 특성을 가질 수 있기 때문에, 가장 좋은 방법은 다른 특성을 가진 이들끼리 [Trade]를 해 교환을 하는 것입니다.  Z키를 눌러 나오는 기술 창에서, 해당 특성을 몇 명의 주민이 가지고 있는지 확인 후 지금 가장 필요한 특성을 선택해, 도움이 될 수 있습니다.
272;    더 자세히 확인하고 싶다면 [Profession Overview]을 참조하십시오.
273;(참조: 기술 창은 튜토리얼이 끝나기 전까지는 숨겨져 있습니다.  튜토리얼을 완료하거나 건너뛰어서 확인할 수 있습니다.)
274;세계에서 다양한 범주의 전문직이 존재한다면, 서로의 이익을 위해 거래할 수 있습니다.
275;    Eco의 세계에서 [Government|Government Overview]는 모든 주민이 힘을 합해 꾸려나가며, 정부의 수준은 주민들이 정치에 어떻게 참여하냐에 달려있습니다.

 정부의 운영에 참여하는 방법은 다음과 같은 여러 가지의 방법이 있습니다.

 - [CapitolItem]를 설치하고, [Constitution]를 제정하여 정부의 기반을 다집니다.
 - [Districts], [Demographics], [Elected Titles], [Election Processes], 그리고 [Amendments|Constitution]를 해당 법률이 포함된 주권 구조물에서 규정합니다.
 - [Elected Title|Elected Titles]에 적합한 후보자를 선거를 통해 뽑아, 헌법으로 규정한 특별한 권한을 부여합니다.
 - 권한(헌법에서 규정)을 얻은 후, [Laws]을 제정합니다.
 - [Executive Actions] 또한 헌법에서 규정한 권한을 얻은 후 제정합니다.
 - [Elected Titles]를 선출하는 [Elections]에서 투표권을 행사하는 등의 참정권을 행사합니다.
 - [Data]를 참조해 법률에 관한 토론을 진행하며, 자신과 다른 주장을 하는 주민에게 논리적인 근거를 제시합니다.
276;    이처럼 정치에 참여하는 방법 모두, 구조물이 설치된 장소라면 어느 곳에서나 참여할 수 있습니다. 현재 운영되는 정부는 오른쪽 아래 메뉴에서 정부 아이콘을 누르면 나오는 창의 목록에 마우스를 올려, 어디에 위치한 주권 구조물에서 규정된 건지 확인할 수 있습니다.
277;당신이 가지는 시민의 의무를 이용해 다양한 방법으로 정부와 상호작용할 수 있습니다.
278;사회를 기술의 절정기로 이끌기 위해서는, [Economy|Economy Overview]의 번영 또한 필요하며, 이를 위해 주민들이 적극적으로 참여한다면 자신의 수준과 부를 키워내는 것뿐만 아니라 사회 또한 발전에 도움 될 것입니다.
물품과 서비스를 [Trade] 함으로 경제에 직접 참여할 수 있습니다.  [Stores|Store Component], [Contracts], [Work Parties] 등 주민들과 합의를 통해 행하는 행동으로 자신의 특성과 관련된 물품과 노동력을 다른 주민의 특성 관련 물품 등으로 거래할 수 있으며, 이는 혼자서 작업하는 것보다 더욱더 빠르게 자신만의 목표를 달성할 수 있을 것입니다.
만약 새로운 작업을 시작하려 했지만, 당신이 만들어 낼 수 없는 물품이나 노동력이 필요한 경우에, 내가 생산해낼 수 있는 물품과 서비스를 판매하거나 상점을 생성해 원하는 만큼의 적당한 [Currency]로 설정해 판매합니다. 이렇게 만들어낸 화폐를 사용하여 다른 이의 물품이나 서비스를 구매하는 것과 같은 과정들을 거친다면, 모든 것을 직접 배우거나 만들어내지 않고 새로운 작업과 같은 목표들을 달성할 수 있을 것입니다.

다른 이들이 당신을 필요로 할 만큼의 역량을 키운다면, 자신의 상점을 설치하거나, 다른 이의 흥미를 끌 만한 계약 또는 동업 계약을 생성하는 등의 영향력을 가질 수 있을 것입니다.  이는 곧 당신이 부를 축적함에 따라, 상황을 변화시킬 만큼의 강한(좋거나 나쁜 쪽으로의) 힘을 가지게 되는 것입니다.
279;지식과 기술을 발전시키는 데에 가장 효율적인 방법은 경제의 요소인 거래를 이용하는 것입니다.
280;제한된 시간 내에 운석을 막기 위해 사회를 구성해 힘을 모으는 동안에도, 주민들은 개인의 욕구 또한 충족해야 하며, 먼저 음식과 주거 문제를 해결해야 합니다.
281;집터 고르기
282;집터를 고를 때는, 다음과 같은 요인들을 고려하며 결정해야만 합니다.
283;근처에서 획득할 수 있는 식용자원과 건축의 재료가 될 자원들이 풍부하다면 게임 초반을 더욱 효율적으로 진행 가능합니다.

다른 이들과 거리
다른이의 거주지와 가까운 거리에 집을 건설한다면, 거래의 편의성으로 인해 더욱 빠르게 발전할 수 있습니다.  그렇지만, 인구 과밀지역은 반대로 확장의 어려움과 식용자원의 경쟁을 불러올 것 입니다. 그러한 이유로 이 모든 요인들이 적당히 조화를 이루는 지역을 찾아야만 합니다.
284;토지 소유하기
285; 알맞은 집터를 골랐다면, 이젠 그 근처에 [Property] 소유권을 주장해야 합니다.  처음 시작 시 받은 야영지를 설치하면 해당 지역은 자동으로 소유될 것이고, 그 이후 부지 소유 문서를 이용해 영토를 더 크게 늘릴 수 있습니다.  소유권을 주장한 토지는, 직접 권한을 부여하지 않은 다른 주민들로부터 자동으로 보호될 것입니다.
286;음식
287;칼로리를 소모하는 노동(일)을 하기 위해선 식량 공급원을 찾는 것이 아주 중요합니다.  또한, 음식의 [Nutrition]는 경험치 획득 배율에 영향을 미치기 때문에, 경험치를 더 빠르게 얻기 위해선 완벽한 음식의 조합 또한 중요합니다.  야생에서 처음 시작하게 된다면, 주변에서 식용자원을 찾거나 [Farm|Farming]을 이용할 계획을 세워야 합니다.  만약 마을이 이미 형성된 곳 근처에서 시작한다면,  음식을 얻기 위해 무엇을 [Trade] 할 수 있는지 확인해야 합니다.
288;식용자원과 살 공간 마련이 최우선 사항입니다.
289;[Ecosystem|Ecosystem Overview]는 주민들에게 방대한 양의 자원을 제공하지만, 주민이 생태계에 주는 영향에 매우 취약합니다.  사회를 성공적으로 완성하려면 영향에 대해 영민한 관리가 필요하며, [Government|Government Overview]를 통해 여러 제한 사항을 법으로 제정할 수 있습니다.
다양한 형태를 한 [Pollution]은 환경에 지대한 영향을 끼치며, 식용자원을 파괴하고 발전을 방해하는 등의 대재앙을 일으켜, 생태계를 붕괴시킬 수도 있습니다.  [Data]를 이용하여, 주민 자신들이 세계에 끼치는 영향을 관찰할 수 있고, 그 데이터를 이용해 생태계를 보호할 특정한 규제 등에 대해 논의하거나, 다른 방법을 강구해 경제를 빨리 성장시킬 방도를 찾을 수도 있습니다.

Eco의 세계는 인간의 손이 전혀 닿지 않은 야생의 상태로 시작하며, 주민들은 그런 세계에서 지식과 산업의 기술을 이용해 [The Meteor]을 막을 수 있을 정도의 문명을 최대한 빠르게 발전시켜야만 합니다.  이 때, 주민들은 생태계의 자원을 이용하는 것과 환경을 회복시킬 수 없을 만큼 파괴하는 것을 피할 방법 사이에서 나아가야 할 길을 신중히 탐색해야 할 것입니다.
290;생태계에는 다양한 자원들이 존재하지만, 인간의 행동에 커다란 영향을 받습니다.
291;  Eco의 세계는 두 가지의 요소를 통해 게임을 설명할 수 있습니다. 바로, 생태계의 붕괴, 그리고 우릴 향해 다가오는 [Meteor|The Meteor]이죠.

이를 넘어서기 위해선, 문명을 발전시켜야 하며, 특히 생태계를 무너뜨리지 않는 선에서, 과학과 산업을 발전 시켜 운석을 막을 수준이 되어야만 합니다.  이와 같은 과정을 당신은 거대한 사회의 일원으로서 힘을 보태야 하고, 개인적 욕구와 사회적 욕구, 이 상호 조건을 둘 다 만족하는 선에서 성공을 향해 나아가야 합니다.

Eco의 세계에서 플레이어가 중점적으로 관리해야 할 것은 세 가지로, 자신의 발전을 위해 일해야 하고, 전반적인 [Economy|Economy Overview]의 발전에 기여하며, 그리고 인간이 하는 행동에 영향을 심하게 받는 다양한 종류의 식물과 동물의 [Ecosystem|Ecosystem Overview] 환경을 보존하는 것입니다.  

개인, 경제, 생태계 이 셋의 균형을 맞춰 바람직한 관계를 형성하는 데 집중하기 위해선, [Government|Government Overview]가 가지는 기능을 잘 이용해야 합니다. 그 기능이란, 행동에 구속력을 가지고 있는 [Laws]들을 제정하고, [Election|Elections]를 시행해 얻을 수 있는 정치적인 힘을 이용하는 것으로, 이를 통해 사회를 나은 방향으로 바꾸며 이끌어 나아가야 합니다.

 하지만 그 전에 우선, 세계를 구하기 전에 개인의 기본적인 욕구를 먼저 충족해야 한다는 것입니다.  이를 위해선, [Food and Shelter]가 필요합니다.
292;Eco에서 떠나는 당신만의 여정.
293;세계는 생성과 동시에 기한이 정해집니다. 이 기한은 운석이 지구 영향권까지 들어와 충돌까지의 기한으로, 이는 실제 시간으로 30일이며, 그 이후 모든 것은 파괴될 것입니다.
그렇다고 해도, 아직 희망이 전부 사라진 것은 아니며, 이 재앙은 기술의 발전으로 막을 수 있으며, 모두 힘을 합쳐 정해진 기간 내에 [Economy|economy overview]의 번영을 이루고 [Research]를 통해 기술을 발전시킨다면, 인류는 위협에 대항할 수단인 [Laser|LaserItem]을 개발할 수 있을 것입니다.

이는 마냥 쉽지만은 않은 일이 될 것이고, 기술의 발전은 일정 수준이 넘어간다면, 의도와는 달리 [Ecosystem|Ecosystem Overview]에 위협이 되어버릴 것입니다.  의도치 않게 우리가 일으키는 재앙을 극복하기 위해선, 주민들이 자신의 손으로 직접 [Government|Government Overview]를 세워, 법률을 제정해 규제사항을 만들고, 제대로 시행해야만 합니다.

세계의 운명은, 주민들이 협업을 통해 기술의 발전을 이룩하면서도 생태계와 조화를 이루는 것에 달려있으며, 이렇게 세심하게 계획된 협력만이 세계를 성공으로 이끌 것입니다.
294;하늘에서 다가오는 위협.
295;주민들이 도구를 이용한다면, 대단한 건물을 세울 수도 있고 산마저 움직일 수 있을 것입니다.  시작과 동시에 주어지는 도구는 터무니없이 보잘것없는 기능을 가지고 있지만, 기술이 발전하게 된다면, 더욱더 높은 성능의 도구를 만들 수 있으며, 추가로 [Vehicle|Vehicle Component]까지 이용한다면 이 세계에서 당신은 거대한 변혁을 불러일으킬 것입니다.
296;현재 사용 가능한 도구의 종류는 다음과 같습니다.  - [Building] 도구.  망치는 건축 자재를 여러 '형태'로 변환하며 설치할 수 있으며, 삽은 흙을 퍼서 옮길 수 있습니다.
 - [Farming] 도구.  밭을 갈고, 식물을 심고, 씨를 뿌리는 등의 일을 할 때 효율이 증가합니다.
 - [Transport] 도구.  관련 운송수단과 도구는 도로를 건설하거나 물품을 옮기는 데에 유용하게 사용됩니다.
 - [Harvesting] 도구.  관련 도구들을 이용해 생태계에서 자원을 채취할 수 있습니다.
 - [Hunting] 도구.  식량을 구하기 위해 동물을 사냥하는 데에 특화된 도구입니다.

기본적으로 직접 사용하는 도구들은 [Nutrition]에 영향을 주는 칼로리를 소모합니다.
모든 도구는 내구도를 가지고 있으며, 사용 시 도구의 내구도가 소모됩니다.  도구의 내구도를 모두 소모해버린다면, 사용 시 상당한 양의 칼로리가 소모되니, [Repair|Repair Component] 작업대에서 도구를 수리해야 합니다.
297;뛰어난 성능의 도구를 사용하는 것이 발전에 큰 도움이 될 것입니다.
298;기본적인 재료를 어느 정도 모았다면, 이 세계에서 정착하기 위해 해야 할 가장 첫 번째 일은 살 곳을 내 손으로 직접 건축하는 것입니다.
299;망치 또는 크레인을 사용해, 집을 짓거나 산업시설을 건설할 수 있습니다.
300;나의 증서 요소를 통해 주민들은 자신이 가지고 있는 모든 [Property]를 확인하고 관리할 수 있으며, 관련 인터페이스의 기능을 사용해 간편하게 이용할 수 있습니다.
301;주민들이 자신이 소유하고 있는 토지를 확인하거나 관리할 수 있습니다.
302;텍스트 요소는 표지판, [Vehicles|Vehicle Component], [Distribution Station|Item Distribution Component]에서 확인할 수 있습니다.

텍스트는 위치를 알려주거나, 광고를 하거나, 친절한 인사말 등을 적는 데 유용합니다

마크업 언어에 익숙한 플레이어라면, 다양한 태그를 이용해 글씨의 크기, 색깔, 텍스트 형식 등을 바꿀 수 있습니다.
303;다른 주민들도 확인할 수 있는 텍스트를 쓸 수 있습니다.
304;Eco가 생태계 시뮬레이션으로 이루고자 하는 기본적인 목표는 거대한 먹이사슬을 이 안에 담아내는 것입니다. 이 먹이사슬을 간단히 설명하자면, 먹이사슬은 특정한 동물 집단과 그 집단이 좋아하는 음식으로 이루어진 '포식자'와 '피식자'의 관계로 정의할 수 있습니다. 일반적으로, 이러한 형태는 지형마다 대표하는 먹이사슬이 하나씩 존재합니다. 그리고 그 먹이사슬은 생태계 안에서 가장 중요한, 생물 종들의 관계와 그 관계의 범위가 기초 됩니다. 이처럼 수많은 생물 종들이 생존을 위해서, 다른 생물 종(식물)에 의존하거나 다른 생물 종들을 사냥합니다.

동물들의 종류는 웹 페이지에서 생물의 목록을 통해 확인할 수 있습니다. 현재 Eco의 피식자와 포식자 관계는 한 가지만 존재하면, 피식자가 서식하는 지역에서 포식자도 서식하지만, 포식자가 피식자를 사냥하지는 않습니다. 이 말은 곧, 엘크 개체군의 숫자가 폭발적으로 늘어나게 된다면 늑대 개체군의 숫자 또한 늘어나지만, 엘크에게 특별한 영향을 미치지는 않는다는 겁니다. 지금 이러한 상태에서, 통제할 수 없는 상황이 발생하지 않으며 먹이사슬의 기능을 하는 것이 바로 우리 Eco가 앞으로 나아가야 할 방향일 것입니다.
305;생태계의 동물과 식물은 인간이 살아남을 수 있는 수단이 되어줍니다.
306;Eco의 개발 발자취 따라가기.
307;    저희가 Eco를 통해 의도하고자 하는 바는, 무한한 가능성을 통해, 깊이 있고 다양한 경험을 선사해, 미래의 다른 게임들에게 영감을 줄 그런 게임으로, 단순한 오락의 개념을 넘어서려 합니다.  바로 이 나무가 Eco의 과거, 현재, 그리고 미래를 나타냅니다.

 저희의 웹사이트를 통해, 나무의 여러 부분을 마우스를 이용해 상호작용하여 이들이 어디로 향하고 있는지, 어떠한 철학을 가지고 있는지 확인하실 수 있습니다.
308;Eco 나무 확인하기 -
309;Eco의 개발 발자취 따라가기.
310;상점 설정하기
311;도구 수리하기
312;Eco 세계의 건축물
313;건축물은 다양한 목적에 따라 여러 개의 [Rooms]으로 나누어집니다.

다음과 같은 용도로 사용됩니다.

- 집을 만들어 가구를 설치해 하우징 수치에 비례하는 [Experience] 배율 효과 획득하기

- [Crafting] 작업대가 작동할 수 있는 공간 만들기

- 정부를 설립하기 위해 필요한 다양한 종류의 [Civic Objects|Civic Object Component]들을 설치하기
314;건물 건축하기
315;건축 자재를 손에 들고 있을 때, 망치를 이용하면 해당 블록을 다양한 모양의 건축 블록으로 변형할 수 있습니다.
게임 초반부에서는 성능이 별로 좋지 않은 [StoneHammerItem]를 손에 들고 자신만의 첫 번째 집을 짓지만, 이후 기술이 발전함에 따라 성능이 향상된 건축 도구를 이용한다면 소모하는 칼로리의 양도 감소할 것입니다.

거대한 크기의 건축 작업에 [CraneItem]을 이용한다면 더 빠르게 건축할 수 있지만, 그 대가로 [Pollution]이 발생할 것입니다.
316;운송수단의 종류
317;국민주권의 종류
318;[Constitution]이 통과된다면, 제정된 정부가 위치한 곳에서 자동으로 새로운 정부 정책들이 국민주권 항목에 추가될 것입니다. 정부 관련 구조물마다 자신이 맡고있는 역할이 있으며, 국민주권(정책)은 다음과 같은 종류로 이루어져 있습니다.

- [CourtItem]을 통해 설정 가능한 [Laws]
- [CensusBureauItem]을 통해 설정 가능한 [Demographics]
- [ZoningOfficeItem]를 통해 설정 가능한 [Districts]
- [GovernmentOfficeItem]를 통해 설정 가능한 [Elected Titles]
- [CapitolItem] 또는 [AmendmentsItem]를 통해 설정 가능한 [Civic Articles]
- [BoardOfElectionsItem]을 통해 설정 가능한 [Election Processes]
319;국민주권 제안하기
320;'초안 작성하기' 버튼을 눌러 주민들에게 새로운 정책을 제안할 수 있습니다. 주민들은 새로운 정책의 초안을 작성하고자 할 때, 새로 생성한 정책 문서에 마우스를 올리면 나오는 아이콘 '복사' 기능을 이용할 수도 있습니다. 이 기능을 선택하면 나오는 창에서 이미 존재하는 정책 문서를 선택해 복사해 붙여넣습니다(기존에 작성 중이던 초안은 삭제됨).

정책이 이미 존재하는 국민주권 요소가 포함되어있는 정부 구조물과 상호작용하여, 해당 구조물에서 시행 중인 정책들을 개정하거나 폐지할 수 있습니다. 정책을 폐지하기 위해선, 국민주권 문서에 마우스를 올리면 생기는 붉은색 'X' 버튼을 눌러 폐지할 수 있습니다.  이미 존재하는 정책을 개정하기 위해선, '편집' 버튼을 클릭해 개정할 수 있습니다.

국민 주권을 포함하고 있는 구조물의 정책을 시행 상태로 유지하기 위해선 해당 구조물이 설치되어있는 상태여야만 합니다. 정부 구조물이 부서진다면, 그 구조물에 포함되어있던 모든 정책은 다시 설치되기 전까지 시행 중지 상태가 될 것입니다.
321;- 즉시 수정 가능: 행정 업무의 권한을 부여받은 주민들은 정책을 즉시 추가, 삭제, 또는 수정할 수 있습니다.

- 선거 제안 가능: 선거를 제안할 수 있는 주민들은 정책의 제정/폐지/개정에 대한 선거를 제안할 수 있으며, 제안 시 선거가 시행됩니다(헌법으로 규정한 모든 [Election Process|Election Processes] 사용 가능).

-  권한 없음: 헌법에서 규정한 권한이 없는 주민의 경우, 정책을 눌러 확인만 가능하며 해당 정책을 수정 또는 제안할 수 없습니다.
322;해당 요소는 [RealEstateDeskItem]에서 이용할 수 있습니다. [PropertyToolItem]를 직접 사용해서 확인할 수 있는 모든 증서(토지, 운송수단 등)를 이 요소를 이용해 모두 모아두어 한눈에 확인할 수 있습니다.

주민들은 이곳에서 자신의 증서의 이름을 쉽게 변경할 수 있고, 미니맵에서 볼 수 있는 토지 범위의 색깔을 정할 수 있으며, [Authorization Component]를 이용하여 다른 이들에게 해당 증서의 권한을 판매 할 수 있습니다.

이 요소의 가장 유용한 기능은 바로 증서의 토지(운송수단)를 다른 증서로 옮길 수 있다는 것입니다. 이 기능을 이용하여 새로운 증서에 자신이 소유하고 있는 토지(운송수단)를 나누어 다른 증서에 배분할 수 있습니다.
323;텍스트 요소를 포함한 구조물 등을 통해 다른 주민이 읽을 수 있도록 글씨를 쓸 수 있습니다.
324;파이프 구성요건
325;파이프 요소가 포함된 설정 창을 통해, 파이프들의 입출력 상태를 살펴보는 것으로 파이프의 구성요건을 확인할 수 있습니다. 해당 요소가 포함된 구조물들은 이 파이프의 구성요건을 충족해야지만 구조물이 작동할 것입니다.

파이프를 사용하는 구조물을 작동시키기 위해선 한두 가지의 파이프를 연결해야 하며, 몇몇 구조물은 세 가지의 파이프 모두 사용해야만 할 수도 있습니다. 각각의 파이프는 세 가지의 용도 중 하나로만 사용할 수 있습니다.

파이프의 아이콘 위에 마우스를 올려두면, 해당 파이프의 작동 [Status|Status Component]에 대해 툴팁을 통해 더 자세히 확인할 수 있습니다.
326;목수
327;[Carpenters|Carpenter]는 벌목에 특화되어 있는 전문직으로, 나무를 이용해 집을 위한 가구와 건축자재를 제작할 수 있습니다.
 - [LoggingSkill]을 통해 더욱 효율적으로 벌목할 수 있습니다. 그리고 이 벌목 기술을 통해, 해당 전문직에서 가장 처음 제작할 수 있는 건축자재인 [Hewn Logs|HewnLogItem]를 제작할 수 있습니다.
 - [CarpentrySkill]을 통해 목재 가구와 [Boards|Board Item]를 제작할 수 있습니다. 또, [SawmillItem]를 이용해 해당 전문직만의 특산물인 [LumberItem]도 제작할 수 있습니다.
 - [CompositesSkill]의 발전된 기술을 통해 질 좋은 건축자재인 [CompositeLumberItem]를 제작할 수 있습니다.
 - [PaperMillingSkill]을 통해 목재 펄프를 사용해 [PaperItem]로 가공할 수 있습니다. 종이는 특수한 가구의 제작에 사용됩니다.
328;요리사
329;[Chefs|Chef]는 요리에 특화되어 있는 전문직으로 주민들의 경험치 배율 효과를 가속시킬 영양가 높은 음식을 생산합니다.
 - [CampfireCookingSkill]은 요리사 전문직의 기본 단계로 [CampfireItem]를 이용해 기본적인 음식을 준비할 수 있습니다.
 - [CookingSkill]은 요리사 전문직의 두 번째 단계로 [CastIronStoveItem]을 이용해 더 나은 질의 음식을 만들어낼 수 있습니다.
 - [BakingSkill]은 [FlourItem]를 중점적으로 사용해 음식을 구워내는 요리법을 사용합니다.
 - [AdvancedCookingSkill] 요리사 전문직 중 가장 높은 단계로 영양상으로 모자람이 없는 요리를 만들어 냅니다.
 - [AdvancedBakingSkill]은 고급 요리 기술과 비슷한 수준으로, 이 요리법 또한 [LeavenedDoughItem]을 이용하여 높은 수준의 요리를 만들어 냅니다.
330;기계공학 기술자
331;[Engineers|Engineer]는 운송수단 제작과 다른 전문직의 고급 물품의 제작 재료를 생산하는 데에 특화되어 있는 전문직입니다.
 - [BasicEngineeringSkill]은 운송에 도움이 되는 도로와 수레를 제작할 수 있습니다. 그 외에도, 해당 특성을 통해 광석을 정제하고 제련하는 작업대를 제작할 수 있습니다.
 - [MechanicsSkill]을 통해 [SteamTruckItem]과 같이 기본적인 엔진이 달린 운송수단을 제작할 수 있습니다. 기계 정비 기술은 기술 발전에 도움을 주는 전력을 생산하는 첫 번째 수단을 만들 수 있습니다.
 - [IndustrySkill]을 통해 [ExcavatorItem]을 만들 수 있는데, 이 운송수단을 이용하여 대량의 야생 자원을 빠른 시간에 채취할 수 있습니다.
 - [OilDrillingSkill]을 통해 [PumpJackItem]으로 다양한 곳에서 산업용 재료, 또는 연료로 쓰이는 [PetroleumItem]을 채취할 수 있습니다.
 - [ElectronicsSkill]은 가치가 매우 높은 자원을 사용해, 고급 수준의 제작 작업에 필요한 재료를 생산합니다. 그 외에도, 친환경 발전 또한 할 수 있고, 이 특성을 통해 세계를 향해 다가오는 운석을 파괴할 수 있는 구조물인 [LaserItem]를 제작할 수도 있습니다.
332;농부
333;[Farmers|Farmer]는 농업에 특화되어 있는 전문직입니다. 농부가 생산하는 작물은 음식의 재료가 되며, 음식을 통해 주민들은 노동(일)에 필요한 칼로리를 채울 수 있습니다.
 - [GatheringSkill]을 획득하면 야생 식물 또는 재배된 작물을 수확할 때, 획득하는 양이 더 늘어납니다.
 - [FarmingSkill]을 통해 수확한 물품으로 씨앗을 만들 수 있어, 커다란 농장을 건설하는 데 도움 됩니다.
 - [FertilizersSkill]을 통해 비료를 제작할 수 있으며, [SoilSamplerItem]를 이용해 토양의 상태를 확인할 수 있습니다.
 - [MillingSkill]은 [MillItem]을 이용해 수확물을 가공할 수 있으며, 그 결과물은 요리사의 고급 요리 제조에 사용됩니다.
334;사냥꾼
335;[Hunters|Hunter]은 동물 사냥과 요리사가 사용할 육류를 가공하는 것에 특화되어 있는 전문직입니다. 사냥꾼의 두 가지 특성은 각각 동물 사냥과 육류 가공에 관련된 특성으로, 이 둘은 밀접하게 연관되어 있습니다.
 - [HuntingSkill]은 동물을 사냥할 때 추가로 피해를 입힐 수 있으며, 동물들이 달아나지 않도록 조용히 다가가는 법을 배울 수 있습니다.
 - [ButcherySkill]을 통해 동물의 사체를 도축해, 요리의 재료로 사용되는 육류로 가공할 수 있습니다. 도축 시 얻게 되는 털과 가죽은 옷가지를 만들거나 다른 제작 작업에 사용됩니다.
336;석공
337;[Masons|Mason]은 채광과 석재를 다루는 데에 특화되어 있는 전문직입니다. 집을 위한 자재와 가구의 중요한 부분을 담당합니다. 석공이 채취한 광석은 대장장이가 제련하여 금속 주괴로 만드는 데에 사용됩니다.
  -[MiningSkill]은 주민이 돌과 광석을 캘 때 칼로리 소모를 낮춰줍니다. 또한, 석공은 채취한 광석으로 제련 작업을 하기 전 필요한 작업인 정광 작업을 할 수 있습니다.
  -[MasonrySkill]을 이용해, 대부분의 석자재의 기본 재료인 [MortarItem]를 생산할 수 있게 됩니다. 석공이 생산하는 [MortaredStoneItem]는 게임 초반 집을 짓는 데에 뛰어난 재료가 됩니다.
  -[PotterySkill]을 통해 [ClayItem]를 재료로 사용해 가구와 자재의 재료인 [BrickItem]을 제작할 수 있습니다.
  -[GlassworkingSkill]을 통해 [GlassItem]를 제작할 수 있고, 이를 이용해 [FramedGlassItem]을 제작할 수 있습니다. 유리는 건축 자재를 보조하는 물품으로, 산업용 재료로도 쓰입니다.
  -[AdvancedMasonrySkill]은 석공 기술의 최상위 단계로, 건축 자재와 가구를 만드는 재료 중 가장 질이 뛰어난 각진 석재를 생산할 수 있습니다.
338;대장장이
339;[Smiths|Smith]는 광석을 제련하고 다른 주민들을 위해 금속 주괴를 이용해 도구를 만드는 데에 특화되어 있는 전문직입니다.
  - [SmeltingSkill]을 통해 광석을 제련해, 기술 발전의 기본이 되는 금속주괴를 만들 수 있습니다. 대장장이가 만드는 철 도구는 게임 초반 사용하는 돌 도구보다 더 좋은 성능을 가지고 있습니다.
  - [AdvancedSmeltingSkill]을 통해 철 주괴를 한 번 더 가공해, 더 높은 등급의 건축자재와 산업 활동에 사용되는 [Steel|SteelBarItem]을 제작할 수 있습니다. 해당 특성을 가진 주민들은 강철을 사용해 더 강력한 도구를 제작할 수 있습니다.
340;재단사
341;[Tailor]는 높은 수준의 가구를 제작하고 착용 시 이로운 효과가 생기는 옷가지를 제작하는데 특화되어 있는 전문직입니다. 다른 전문직과는 달리, 재단사 전문직은 하나의 특성만을 가지고 있습니다.
 - [TailoringSkill]을 통해 제작한 [ClothItem]을 이용해 질 좋은 가구를 제작하거나 재단사의 다양한 제작 물품에 재료로 사용됩니다. 또한 재단사가 제작한 옷가지들은 특별한 효과를 지니고 있습니다. 예를 들어, [BigBackpackItem]의 경우 처음 시작할 때 받는 [BasicBackpackItem]보다 더 큰 용량을 가지고 있습니다.
342;생존 전문가
343;[Survivalists|Survivalist]는 무게의 제한이 늘어나며 기본적인 도구를 사용할 때 소모되는 칼로리의 양이 줄어듭니다. Eco의 세계에 있는 모든 주민은 기본적으로 생존 전문가 전문직을 가지고 있습니다. 
   -  [SelfImprovementSkill]의 경험치는 다른 특성 레벨을 올리는 동안 획득할 수 있습니다. '자기 개선'은 두 가지의 주요 효과가 있습니다. 주민은 자신이 가지고 있는 특성을 발전시키면서, 무게 한도가 늘어나며 먹을 수 있는 양(최대 칼로리) 또한 늘어납니다. 추가로, 망치와 삽을 사용할 때 소모되는 칼로리의 양 또한 줄어듭니다.
344;거래 목록, 동업 계약, 계약과 같이, 현재 경제의 상태에 대한 정보를 전반적으로 확인할 수 있습니다.
345;경제 상태 창은 현재 경제의 상태와 경제에 참여하기 위해 필요한 정보들을 확인할 수 있는 매우 간편한 도구입니다. 경제 상태 창을 통해, 다른 플레이어들이 [StoreItem]의 위치나 현재 어떤 물품을 사고, 파는지 등을 확인할 수 있습니다.
346;경제 상태 창에서 다음과 같은 정보들을 확인할 수 있습니다.

 - 현재 모든 [Trade]의 상황
 - 현재 존재하는 [Work Parties]와 진행 상태
 - 게시판에 등록되어있는 모든 [Contracts] 목록
 - [Public Crafting Stations|Crafting Component]의 위치
 - 현재 존재하는 [Currencies|Currency]의 종류

추가로, 경제 상태 창을 통해 다른 주민에게 화폐를 송금할 수 있으며 다른 주민의 [Bank Accounts]나, 정리되지 않은 빚과 같은 정보들을 간편하게 확인할 수 있습니다.
347;경제 상태 창 확인하는 법
348;경제 상태 창은 화면 오른쪽 아래에 위치한 돈주머니 모양 아이콘을 눌러 확인할 수 있습니다.
349;Eco의 세계에선 사회가 발전하기 위해 꼭 필요한 요소는 바로 모든 주민이 영양가 있는 음식을 먹어, 기술을 더 빠르게 성장시켜 문명을 이룩하는 것입니다.  농부에게서 출발해, 요리사한테 도착하기까지의 식량 조달의 수단을 잘 갖추어, 주민들이 목표로 하는 경험치 획득 배율에 맞춰야만 합니다.
350;The property where you have taken residency provides your housing points.
351;
Each deed can have any number of residents, and those residents will share in an [Experience] boost based on the quality and number of occupants.

As the number of occupants increases, the occupancy penalty increases.  At small numbers of occupants (1 or 2), there is virtually no penalty, and citizens can effectively cohabitate this way and share in the benefit of a well-stocked house.  As the occupants increases beyond that (5 and above), the penalty becomes more steep, eventually topping out at 99% when the house is too overcrowded.

However, the 'diminishing returns' rate of rooms is favorably affected by occupancy (because three bathrooms is overkill when you live alone, but great when you have roommates).  This means that you can overcome the penalty by building a larger house, and duplicate rooms will be inversely affected the occupancy bonus.
  
To become a resident of a property, click the name of the property (visible on the popup status panel when youre in the property). From there you can become a resident (if you own the deed) as well as invite others to become residents.  These other invited citizens may then join as a resident through the same interface. You can even invite groups by specifying titles or demographics, allowing you to create housing for special classes of citizens (new players for example). You can also set the max number of occupants, to ensure that residency managed this way (by inviting large groups) doesn't result in overcrowded housing.

Note: An additional feature will be added latter permitting automatic rent collection agreements between citizens. For now this can be done with manual transfers.
352;Permissions for Residents
When a citizen becomes a resident of a property, they will gain a special set of permissions, even if they don't otherwise have access to the property, known as Resident Rights. These rights are as follows:

  - Pre-furnished rooms supportedL Residents can access all world objects on the property as consumers.
  - You can move in your own stuff: Residents may place objects anywhere on the property (but not blocks).
  - No stealing the furniture that came with the place allowed: Residents may pick up world objects only if they originally placed them.
